timestamp,frame,point_id,x_m,y_m,z_m,azimuth_rad,snr
2026-03-16 10:02:44.717,36,0,-0.357736,0.245159,0.087911,-0.970000,5.76
2026-03-16 10:02:44.717,36,1,-0.398578,0.291096,0.110370,-0.940000,5.36
2026-03-16 10:02:44.717,36,2,-0.117993,0.210942,0.074767,-0.510000,26.76
2026-03-16 10:02:44.717,36,3,-0.117993,0.210942,0.074767,-0.510000,12.52
2026-03-16 10:02:44.717,36,4,-0.117993,0.210942,0.074767,-0.510000,8.24
2026-03-16 10:02:44.717,36,5,-0.117993,0.210942,0.074767,-0.510000,6.00
2026-03-16 10:02:44.717,36,6,-0.143039,0.268171,0.087397,-0.490000,5.52
2026-03-16 10:02:44.717,36,7,-0.020359,0.678431,0.151779,-0.030000,13.24
2026-03-16 10:02:44.717,36,8,-0.013574,0.678601,0.151779,-0.020000,15.36
2026-03-16 10:02:44.717,36,9,-0.006196,0.619616,0.125609,-0.010000,12.00
2026-03-16 10:02:44.717,36,10,-0.006787,0.678703,0.151779,-0.010000,15.64
2026-03-16 10:02:44.717,36,11,0.000000,0.678737,0.151779,0.000000,13.88
2026-03-16 10:02:44.717,36,12,0.005626,0.562583,0.085030,0.010000,5.88
2026-03-16 10:02:44.717,36,13,0.006787,0.678703,0.151779,0.010000,11.12
2026-03-16 10:02:44.717,36,14,0.007404,0.740425,0.165582,0.010000,8.24
2026-03-16 10:02:44.717,36,15,0.185664,0.830269,0.244644,0.220000,5.36
2026-03-16 10:02:44.773,37,0,-0.414186,0.283844,0.060544,-0.970000,5.12
2026-03-16 10:02:44.773,37,1,-0.408426,0.292071,0.060544,-0.950000,5.64
2026-03-16 10:02:44.773,37,2,-0.352166,0.262639,0.052973,-0.930000,5.24
2026-03-16 10:02:44.773,37,3,-0.402504,0.300180,0.060544,-0.930000,5.88
2026-03-16 10:02:44.773,37,4,-0.349522,0.266148,0.052973,-0.920000,5.64
2026-03-16 10:02:44.773,37,5,-0.344129,0.273084,0.052973,-0.900000,5.64
2026-03-16 10:02:44.773,37,6,-0.115877,0.212112,0.074767,-0.500000,38.64
2026-03-16 10:02:44.773,37,7,-0.115877,0.212112,0.074767,-0.500000,16.24
2026-03-16 10:02:44.773,37,8,-0.115877,0.212112,0.074767,-0.500000,9.76
2026-03-16 10:02:44.773,37,9,-0.115877,0.212112,0.074767,-0.500000,7.00
2026-03-16 10:02:44.773,37,10,-0.144847,0.265140,0.093458,-0.500000,5.36
2026-03-16 10:02:44.773,37,11,-0.040408,0.672666,0.172069,-0.060000,8.36
2026-03-16 10:02:44.773,37,12,-0.037166,0.742696,0.150740,-0.050000,7.00
2026-03-16 10:02:44.773,37,13,-0.024779,0.619151,0.125609,-0.040000,8.12
2026-03-16 10:02:44.773,37,14,-0.033680,0.673036,0.172069,-0.050000,12.24
2026-03-16 10:02:44.773,37,15,-0.029737,0.743031,0.150740,-0.040000,9.00
2026-03-16 10:02:44.773,37,16,-0.018587,0.619368,0.125609,-0.030000,10.12
2026-03-16 10:02:44.773,37,17,-0.020213,0.673575,0.172069,-0.030000,17.36
2026-03-16 10:02:44.773,37,18,-0.022305,0.743291,0.150740,-0.030000,10.76
2026-03-16 10:02:44.773,37,19,-0.012392,0.619523,0.125609,-0.020000,11.24
2026-03-16 10:02:44.773,37,20,-0.013477,0.673744,0.172069,-0.020000,21.24
2026-03-16 10:02:44.773,37,21,-0.014808,0.740314,0.165582,-0.020000,11.24
2026-03-16 10:02:44.773,37,22,-0.006196,0.619616,0.125609,-0.010000,10.52
2026-03-16 10:02:44.773,37,23,-0.006739,0.673845,0.172069,-0.010000,19.64
2026-03-16 10:02:44.773,37,24,-0.007404,0.740425,0.165582,-0.010000,10.12
2026-03-16 10:02:44.773,37,25,0.000000,0.623136,0.106966,0.000000,8.52
2026-03-16 10:02:44.773,37,26,0.000000,0.673879,0.172069,0.000000,14.36
2026-03-16 10:02:44.773,37,27,0.000000,0.740462,0.165582,0.000000,8.12
2026-03-16 10:02:44.773,37,28,0.006231,0.623105,0.106966,0.010000,6.52
2026-03-16 10:02:44.773,37,29,0.006787,0.678703,0.151779,0.010000,9.76
2026-03-16 10:02:44.773,37,30,1.401270,6.574335,2.227603,0.210000,8.24
2026-03-16 10:02:44.773,37,31,1.453840,6.501401,2.207707,0.220000,7.76
2026-03-16 10:02:44.818,38,0,-0.155333,0.259135,0.093458,-0.540000,6.64
2026-03-16 10:02:44.818,38,1,-0.120096,0.209752,0.074767,-0.520000,39.64
2026-03-16 10:02:44.818,38,2,-0.120096,0.209752,0.074767,-0.520000,18.00
2026-03-16 10:02:44.818,38,3,-0.120096,0.209752,0.074767,-0.520000,11.36
2026-03-16 10:02:44.818,38,4,-0.120096,0.209752,0.074767,-0.520000,7.76
2026-03-16 10:02:44.818,38,5,-0.150120,0.262190,0.093458,-0.520000,8.24
2026-03-16 10:02:44.818,38,6,-0.117993,0.210942,0.074767,-0.510000,50.00
2026-03-16 10:02:44.818,38,7,-0.117993,0.210942,0.074767,-0.510000,22.64
2026-03-16 10:02:44.818,38,8,-0.117993,0.210942,0.074767,-0.510000,14.36
2026-03-16 10:02:44.818,38,9,-0.117993,0.210942,0.074767,-0.510000,9.76
2026-03-16 10:02:44.818,38,10,-0.147491,0.263678,0.093458,-0.510000,9.52
2026-03-16 10:02:44.818,38,11,-0.115877,0.212112,0.074767,-0.500000,54.12
2026-03-16 10:02:44.818,38,12,-0.115877,0.212112,0.074767,-0.500000,24.64
2026-03-16 10:02:44.818,38,13,-0.115877,0.212112,0.074767,-0.500000,15.76
2026-03-16 10:02:44.818,38,14,-0.115877,0.212112,0.074767,-0.500000,10.52
2026-03-16 10:02:44.818,38,15,-0.143921,0.263447,0.099482,-0.500000,9.64
2026-03-16 10:02:44.818,38,16,-0.113750,0.213260,0.074767,-0.490000,48.64
2026-03-16 10:02:44.818,38,17,-0.113750,0.213260,0.074767,-0.490000,22.12
2026-03-16 10:02:44.818,38,18,-0.113750,0.213260,0.074767,-0.490000,14.24
2026-03-16 10:02:44.818,38,19,-0.113750,0.213260,0.074767,-0.490000,9.52
2026-03-16 10:02:44.818,38,20,-0.141280,0.264873,0.099482,-0.490000,8.52
2026-03-16 10:02:44.818,38,21,-0.109463,0.215492,0.074767,-0.470000,38.00
2026-03-16 10:02:44.818,38,22,-0.109463,0.215492,0.074767,-0.470000,17.36
2026-03-16 10:02:44.818,38,23,-0.109463,0.215492,0.074767,-0.470000,11.24
2026-03-16 10:02:44.818,38,24,-0.109463,0.215492,0.074767,-0.470000,7.52
2026-03-16 10:02:44.818,38,25,-0.138624,0.266272,0.099482,-0.480000,6.88
2026-03-16 10:02:44.818,38,26,1.546101,6.603223,2.247421,0.230000,6.88
2026-03-16 10:02:44.818,38,27,1.728098,6.496084,2.227603,0.260000,8.76
2026-03-16 10:02:44.818,38,28,1.841073,6.402524,2.207707,0.280000,5.88
2026-03-16 10:02:44.874,39,0,-0.121407,0.207209,0.079585,-0.530000,29.24
2026-03-16 10:02:44.874,39,1,-0.121407,0.207209,0.079585,-0.530000,14.52
2026-03-16 10:02:44.874,39,2,-0.121407,0.207209,0.079585,-0.530000,10.12
2026-03-16 10:02:44.874,39,3,-0.121407,0.207209,0.079585,-0.530000,6.76
2026-03-16 10:02:44.874,39,4,-0.150120,0.262190,0.093458,-0.520000,6.12
2026-03-16 10:02:44.874,39,5,-0.117239,0.209595,0.079585,-0.510000,37.36
2026-03-16 10:02:44.874,39,6,-0.117239,0.209595,0.079585,-0.510000,18.88
2026-03-16 10:02:44.874,39,7,-0.117239,0.209595,0.079585,-0.510000,13.00
2026-03-16 10:02:44.874,39,8,-0.117239,0.209595,0.079585,-0.510000,8.76
2026-03-16 10:02:44.874,39,9,-0.147491,0.263678,0.093458,-0.510000,8.88
2026-03-16 10:02:44.874,39,10,-0.115137,0.210757,0.079585,-0.500000,42.64
2026-03-16 10:02:44.874,39,11,-0.115137,0.210757,0.079585,-0.500000,21.76
2026-03-16 10:02:44.874,39,12,-0.115137,0.210757,0.079585,-0.500000,14.88
2026-03-16 10:02:44.874,39,13,-0.115137,0.210757,0.079585,-0.500000,10.00
2026-03-16 10:02:44.874,39,14,-0.144847,0.265140,0.093458,-0.500000,11.52
2026-03-16 10:02:44.874,39,15,-0.113024,0.211898,0.079585,-0.490000,40.88
2026-03-16 10:02:44.874,39,16,-0.113024,0.211898,0.079585,-0.490000,21.00
2026-03-16 10:02:44.874,39,17,-0.113024,0.211898,0.079585,-0.490000,14.24
2026-03-16 10:02:44.874,39,18,-0.113024,0.211898,0.079585,-0.490000,9.64
2026-03-16 10:02:44.874,39,19,-0.142188,0.266575,0.093458,-0.490000,11.76
2026-03-16 10:02:44.874,39,20,-0.110899,0.213018,0.079585,-0.480000,33.88
2026-03-16 10:02:44.874,39,21,-0.110899,0.213018,0.079585,-0.480000,17.64
2026-03-16 10:02:44.874,39,22,-0.110899,0.213018,0.079585,-0.480000,11.64
2026-03-16 10:02:44.874,39,23,-0.110899,0.213018,0.079585,-0.480000,8.00
2026-03-16 10:02:44.874,39,24,-0.136828,0.269365,0.093458,-0.470000,9.64
2026-03-16 10:02:44.874,39,25,-0.108764,0.214116,0.079585,-0.470000,26.00
2026-03-16 10:02:44.874,39,26,-0.108764,0.214116,0.079585,-0.470000,13.64
2026-03-16 10:02:44.874,39,27,-0.108764,0.214116,0.079585,-0.470000,8.88
2026-03-16 10:02:44.874,39,28,-0.108764,0.214116,0.079585,-0.470000,6.12
2026-03-16 10:02:44.874,39,29,-0.134128,0.270720,0.093458,-0.460000,7.00
2026-03-16 10:02:44.874,39,30,-0.131414,0.272048,0.093458,-0.450000,5.00
2026-03-16 10:02:44.874,39,31,2.018585,1.883511,0.914917,0.820000,5.52
2026-03-16 10:02:44.874,39,32,2.081624,1.903751,0.934813,0.830000,5.64
2026-03-16 10:02:44.930,40,0,-0.123473,0.205984,0.079585,-0.540000,39.36
2026-03-16 10:02:44.930,40,1,-0.123473,0.205984,0.079585,-0.540000,18.00
2026-03-16 10:02:44.930,40,2,-0.123473,0.205984,0.079585,-0.540000,9.88
2026-03-16 10:02:44.930,40,3,-0.123473,0.205984,0.079585,-0.540000,6.00
2026-03-16 10:02:44.930,40,4,-0.154341,0.257480,0.099482,-0.540000,6.36
2026-03-16 10:02:44.930,40,5,-0.121407,0.207209,0.079585,-0.530000,52.00
2026-03-16 10:02:44.930,40,6,-0.121407,0.207209,0.079585,-0.530000,24.00
2026-03-16 10:02:44.930,40,7,-0.121407,0.207209,0.079585,-0.530000,13.12
2026-03-16 10:02:44.930,40,8,-0.121407,0.207209,0.079585,-0.530000,8.00
2026-03-16 10:02:44.930,40,9,-0.151759,0.259011,0.099482,-0.530000,8.36
2026-03-16 10:02:44.930,40,10,-0.117239,0.209595,0.079585,-0.510000,65.64
2026-03-16 10:02:44.930,40,11,-0.117239,0.209595,0.079585,-0.510000,30.52
2026-03-16 10:02:44.930,40,12,-0.117239,0.209595,0.079585,-0.510000,16.76
2026-03-16 10:02:44.930,40,13,-0.117239,0.209595,0.079585,-0.510000,10.24
2026-03-16 10:02:44.930,40,14,-0.146549,0.261994,0.099482,-0.510000,10.00
2026-03-16 10:02:44.930,40,15,-0.115137,0.210757,0.079585,-0.500000,74.00
2026-03-16 10:02:44.930,40,16,-0.115137,0.210757,0.079585,-0.500000,34.64
2026-03-16 10:02:44.930,40,17,-0.115137,0.210757,0.079585,-0.500000,19.00
2026-03-16 10:02:44.930,40,18,-0.115137,0.210757,0.079585,-0.500000,11.76
2026-03-16 10:02:44.930,40,19,-0.143921,0.263447,0.099482,-0.500000,10.24
2026-03-16 10:02:44.930,40,20,-0.113024,0.211898,0.079585,-0.490000,70.88
2026-03-16 10:02:44.930,40,21,-0.113024,0.211898,0.079585,-0.490000,33.24
2026-03-16 10:02:44.930,40,22,-0.113024,0.211898,0.079585,-0.490000,18.36
2026-03-16 10:02:44.930,40,23,-0.113024,0.211898,0.079585,-0.490000,11.52
2026-03-16 10:02:44.930,40,24,-0.141280,0.264873,0.099482,-0.490000,9.00
2026-03-16 10:02:44.930,40,25,-0.110899,0.213018,0.079585,-0.480000,58.64
2026-03-16 10:02:44.930,40,26,-0.110899,0.213018,0.079585,-0.480000,27.64
2026-03-16 10:02:44.930,40,27,-0.110899,0.213018,0.079585,-0.480000,15.24
2026-03-16 10:02:44.930,40,28,-0.110899,0.213018,0.079585,-0.480000,9.76
2026-03-16 10:02:44.930,40,29,-0.138624,0.266272,0.099482,-0.480000,7.12
2026-03-16 10:02:44.930,40,30,-0.108764,0.214116,0.079585,-0.470000,44.88
2026-03-16 10:02:44.930,40,31,-0.108764,0.214116,0.079585,-0.470000,21.24
2026-03-16 10:02:44.930,40,32,-0.108764,0.214116,0.079585,-0.470000,11.76
2026-03-16 10:02:44.930,40,33,-0.108764,0.214116,0.079585,-0.470000,7.52
2026-03-16 10:02:44.930,40,34,1.013461,6.705660,2.247421,0.150000,5.12
2026-03-16 10:02:44.930,40,35,1.137246,6.625112,2.227603,0.170000,6.88
2026-03-16 10:02:44.987,41,0,-0.115137,0.210757,0.079585,-0.500000,20.12
2026-03-16 10:02:44.987,41,1,-0.115137,0.210757,0.079585,-0.500000,8.36
2026-03-16 10:02:45.042,42,0,-0.112280,0.215670,0.069918,-0.480000,11.52
2026-03-16 10:02:45.042,42,1,0.402881,5.025266,1.670663,0.080000,5.52
2026-03-16 10:02:45.098,43,0,-0.121407,0.207209,0.079585,-0.530000,36.52
2026-03-16 10:02:45.098,43,1,-0.121407,0.207209,0.079585,-0.530000,18.12
2026-03-16 10:02:45.098,43,2,-0.121407,0.207209,0.079585,-0.530000,10.24
2026-03-16 10:02:45.098,43,3,-0.121407,0.207209,0.079585,-0.530000,7.24
2026-03-16 10:02:45.098,43,4,-0.150120,0.262190,0.093458,-0.520000,7.36
2026-03-16 10:02:45.098,43,5,-0.117239,0.209595,0.079585,-0.510000,45.88
2026-03-16 10:02:45.098,43,6,-0.117239,0.209595,0.079585,-0.510000,22.24
2026-03-16 10:02:45.098,43,7,-0.117239,0.209595,0.079585,-0.510000,12.64
2026-03-16 10:02:45.098,43,8,-0.117239,0.209595,0.079585,-0.510000,9.12
2026-03-16 10:02:45.098,43,9,-0.147491,0.263678,0.093458,-0.510000,9.52
2026-03-16 10:02:45.098,43,10,-0.115137,0.210757,0.079585,-0.500000,52.64
2026-03-16 10:02:45.098,43,11,-0.115137,0.210757,0.079585,-0.500000,25.12
2026-03-16 10:02:45.098,43,12,-0.115137,0.210757,0.079585,-0.500000,14.24
2026-03-16 10:02:45.098,43,13,-0.115137,0.210757,0.079585,-0.500000,10.36
2026-03-16 10:02:45.098,43,14,-0.144847,0.265140,0.093458,-0.500000,11.36
2026-03-16 10:02:45.098,43,15,-0.113024,0.211898,0.079585,-0.490000,53.12
2026-03-16 10:02:45.098,43,16,-0.113024,0.211898,0.079585,-0.490000,25.00
2026-03-16 10:02:45.098,43,17,-0.113024,0.211898,0.079585,-0.490000,14.12
2026-03-16 10:02:45.098,43,18,-0.113024,0.211898,0.079585,-0.490000,10.36
2026-03-16 10:02:45.098,43,19,-0.142188,0.266575,0.093458,-0.490000,12.00
2026-03-16 10:02:45.098,43,20,-0.110899,0.213018,0.079585,-0.480000,47.52
2026-03-16 10:02:45.098,43,21,-0.110899,0.213018,0.079585,-0.480000,21.88
2026-03-16 10:02:45.098,43,22,-0.110899,0.213018,0.079585,-0.480000,12.24
2026-03-16 10:02:45.098,43,23,-0.110899,0.213018,0.079585,-0.480000,9.12
2026-03-16 10:02:45.098,43,24,-0.136828,0.269365,0.093458,-0.470000,10.88
2026-03-16 10:02:45.098,43,25,-0.134128,0.270720,0.093458,-0.460000,8.88
2026-03-16 10:02:45.098,43,26,1.192690,6.554339,2.207707,0.180000,9.12
2026-03-16 10:02:45.098,43,27,1.203439,6.613408,2.227603,0.180000,11.36
2026-03-16 10:02:45.098,43,28,1.347338,6.646628,2.247421,0.200000,6.36
2026-03-16 10:02:45.154,44,0,-0.117993,0.210942,0.074767,-0.510000,33.52
2026-03-16 10:02:45.154,44,1,-0.117993,0.210942,0.074767,-0.510000,15.64
2026-03-16 10:02:45.154,44,2,-0.117993,0.210942,0.074767,-0.510000,10.12
2026-03-16 10:02:45.154,44,3,-0.117993,0.210942,0.074767,-0.510000,7.52
2026-03-16 10:02:45.154,44,4,-0.147491,0.263678,0.093458,-0.510000,7.36
2026-03-16 10:02:45.154,44,5,-0.115877,0.212112,0.074767,-0.500000,38.88
2026-03-16 10:02:45.154,44,6,-0.115877,0.212112,0.074767,-0.500000,18.00
2026-03-16 10:02:45.154,44,7,-0.115877,0.212112,0.074767,-0.500000,11.76
2026-03-16 10:02:45.154,44,8,-0.115877,0.212112,0.074767,-0.500000,8.76
2026-03-16 10:02:45.154,44,9,-0.144847,0.265140,0.093458,-0.500000,8.64
2026-03-16 10:02:45.154,44,10,-0.113750,0.213260,0.074767,-0.490000,40.24
2026-03-16 10:02:45.154,44,11,-0.113750,0.213260,0.074767,-0.490000,18.52
2026-03-16 10:02:45.154,44,12,-0.113750,0.213260,0.074767,-0.490000,12.12
2026-03-16 10:02:45.154,44,13,-0.113750,0.213260,0.074767,-0.490000,9.00
2026-03-16 10:02:45.154,44,14,-0.142188,0.266575,0.093458,-0.490000,9.00
2026-03-16 10:02:45.154,44,15,-0.110899,0.213018,0.079585,-0.480000,36.76
2026-03-16 10:02:45.154,44,16,-0.110899,0.213018,0.079585,-0.480000,16.76
2026-03-16 10:02:45.154,44,17,-0.110899,0.213018,0.079585,-0.480000,11.00
2026-03-16 10:02:45.154,44,18,-0.110899,0.213018,0.079585,-0.480000,8.12
2026-03-16 10:02:45.154,44,19,-0.136828,0.269365,0.093458,-0.470000,8.00
2026-03-16 10:02:45.154,44,20,-0.108764,0.214116,0.079585,-0.470000,30.52
2026-03-16 10:02:45.154,44,21,-0.108764,0.214116,0.079585,-0.470000,13.76
2026-03-16 10:02:45.154,44,22,-0.108764,0.214116,0.079585,-0.470000,9.12
2026-03-16 10:02:45.154,44,23,-0.108764,0.214116,0.079585,-0.470000,6.76
2026-03-16 10:02:45.154,44,24,-0.134128,0.270720,0.093458,-0.460000,6.36
2026-03-16 10:02:45.154,44,25,0.453113,5.020986,1.670663,0.090000,5.64
2026-03-16 10:02:45.154,44,26,0.458509,5.080782,1.690559,0.090000,5.52
2026-03-16 10:02:45.154,44,27,1.466942,6.559993,2.227603,0.220000,8.36
2026-03-16 10:02:45.154,44,28,1.546101,6.603223,2.247421,0.230000,9.52
2026-03-16 10:02:45.154,44,29,1.626326,6.645751,2.267317,0.240000,5.76
2026-03-16 10:02:45.210,45,0,-0.117993,0.210942,0.074767,-0.510000,40.88
2026-03-16 10:02:45.210,45,1,-0.117993,0.210942,0.074767,-0.510000,18.24
2026-03-16 10:02:45.210,45,2,-0.117993,0.210942,0.074767,-0.510000,11.24
2026-03-16 10:02:45.210,45,3,-0.117993,0.210942,0.074767,-0.510000,8.12
2026-03-16 10:02:45.210,45,4,-0.148374,0.265257,0.087397,-0.510000,7.52
2026-03-16 10:02:45.210,45,5,-0.115877,0.212112,0.074767,-0.500000,46.12
2026-03-16 10:02:45.210,45,6,-0.115877,0.212112,0.074767,-0.500000,21.00
2026-03-16 10:02:45.210,45,7,-0.115877,0.212112,0.074767,-0.500000,12.76
2026-03-16 10:02:45.210,45,8,-0.115877,0.212112,0.074767,-0.500000,9.12
2026-03-16 10:02:45.210,45,9,-0.143039,0.268171,0.087397,-0.490000,8.52
2026-03-16 10:02:45.210,45,10,-0.113750,0.213260,0.074767,-0.490000,46.88
2026-03-16 10:02:45.210,45,11,-0.113750,0.213260,0.074767,-0.490000,21.52
2026-03-16 10:02:45.210,45,12,-0.113750,0.213260,0.074767,-0.490000,13.00
2026-03-16 10:02:45.210,45,13,-0.113750,0.213260,0.074767,-0.490000,9.24
2026-03-16 10:02:45.210,45,14,-0.140350,0.269588,0.087397,-0.480000,8.64
2026-03-16 10:02:45.210,45,15,-0.109463,0.215492,0.074767,-0.470000,42.76
2026-03-16 10:02:45.210,45,16,-0.109463,0.215492,0.074767,-0.470000,19.76
2026-03-16 10:02:45.210,45,17,-0.109463,0.215492,0.074767,-0.470000,11.88
2026-03-16 10:02:45.210,45,18,-0.109463,0.215492,0.074767,-0.470000,8.36
2026-03-16 10:02:45.210,45,19,-0.137647,0.270978,0.087397,-0.470000,7.64
2026-03-16 10:02:45.210,45,20,-0.134931,0.272341,0.087397,-0.460000,6.24
2026-03-16 10:02:45.210,45,21,1.116930,6.506764,2.187810,0.170000,5.00
2026-03-16 10:02:45.210,45,22,1.192690,6.554339,2.207707,0.180000,11.12
2026-03-16 10:02:45.210,45,23,1.269512,6.601043,2.227603,0.190000,11.88
2026-03-16 10:02:45.210,45,24,1.347338,6.646628,2.247421,0.200000,6.12
2026-03-16 10:02:45.265,46,0,-0.117993,0.210942,0.074767,-0.510000,49.76
2026-03-16 10:02:45.265,46,1,-0.117993,0.210942,0.074767,-0.510000,20.88
2026-03-16 10:02:45.265,46,2,-0.117993,0.210942,0.074767,-0.510000,13.24
2026-03-16 10:02:45.265,46,3,-0.117993,0.210942,0.074767,-0.510000,9.36
2026-03-16 10:02:45.265,46,4,-0.115877,0.212112,0.074767,-0.500000,57.52
2026-03-16 10:02:45.265,46,5,-0.115877,0.212112,0.074767,-0.500000,24.24
2026-03-16 10:02:45.265,46,6,-0.115877,0.212112,0.074767,-0.500000,15.36
2026-03-16 10:02:45.265,46,7,-0.115877,0.212112,0.074767,-0.500000,10.88
2026-03-16 10:02:45.265,46,8,-0.113750,0.213260,0.074767,-0.490000,58.88
2026-03-16 10:02:45.265,46,9,-0.113750,0.213260,0.074767,-0.490000,24.88
2026-03-16 10:02:45.265,46,10,-0.113750,0.213260,0.074767,-0.490000,15.64
2026-03-16 10:02:45.265,46,11,-0.113750,0.213260,0.074767,-0.490000,11.00
2026-03-16 10:02:45.265,46,12,-0.140350,0.269588,0.087397,-0.480000,7.64
2026-03-16 10:02:45.265,46,13,-0.109463,0.215492,0.074767,-0.470000,53.12
2026-03-16 10:02:45.265,46,14,-0.109463,0.215492,0.074767,-0.470000,22.52
2026-03-16 10:02:45.265,46,15,-0.109463,0.215492,0.074767,-0.470000,14.12
2026-03-16 10:02:45.265,46,16,-0.109463,0.215492,0.074767,-0.470000,9.88
2026-03-16 10:02:45.265,46,17,-0.107302,0.216576,0.074767,-0.460000,44.00
2026-03-16 10:02:45.265,46,18,-0.107302,0.216576,0.074767,-0.460000,18.76
2026-03-16 10:02:45.265,46,19,-0.107302,0.216576,0.074767,-0.460000,11.64
2026-03-16 10:02:45.265,46,20,-0.107302,0.216576,0.074767,-0.460000,8.00
2026-03-16 10:02:45.309,47,0,-0.110118,0.216782,0.069918,-0.470000,24.36
2026-03-16 10:02:45.309,47,1,-0.110118,0.216782,0.069918,-0.470000,11.76
2026-03-16 10:02:45.309,47,2,-0.110118,0.216782,0.069918,-0.470000,7.52
2026-03-16 10:02:45.309,47,3,-0.110118,0.216782,0.069918,-0.470000,5.64
2026-03-16 10:02:45.309,47,4,-0.064658,0.536231,0.178988,-0.120000,6.52
2026-03-16 10:02:45.374,48,0,-0.109463,0.215492,0.074767,-0.470000,24.88
2026-03-16 10:02:45.374,48,1,-0.109463,0.215492,0.074767,-0.470000,10.64
2026-03-16 10:02:45.374,48,2,-0.109463,0.215492,0.074767,-0.470000,6.52
2026-03-16 10:02:45.374,48,3,-0.298104,1.470594,0.497251,-0.200000,5.00
2026-03-16 10:02:45.374,48,4,-0.081220,0.473155,0.159092,-0.170000,7.64
2026-03-16 10:02:45.374,48,5,-0.091378,0.532329,0.178988,-0.170000,8.00
2026-03-16 10:02:45.374,48,6,-0.076485,0.473944,0.159092,-0.160000,8.12
2026-03-16 10:02:45.374,48,7,-0.086050,0.533216,0.178988,-0.160000,9.12
2026-03-16 10:02:45.374,48,8,-0.080714,0.534050,0.178988,-0.150000,9.64
2026-03-16 10:02:45.374,48,9,-0.075369,0.534830,0.178988,-0.140000,9.12
2026-03-16 10:02:45.374,48,10,2.018585,1.883511,0.914917,0.820000,5.12
2026-03-16 10:02:45.374,48,11,1.993014,1.822713,0.895021,0.830000,6.36
2026-03-16 10:02:45.374,48,12,2.001290,1.722939,0.875124,0.860000,5.00
2026-03-16 10:02:45.418,49,0,-0.109463,0.215492,0.074767,-0.470000,17.52
2026-03-16 10:02:45.418,49,1,-0.109463,0.215492,0.074767,-0.470000,7.24
2026-03-16 10:02:45.483,50,0,-0.512561,0.170310,0.178988,-1.250000,6.24
2026-03-16 10:02:45.483,50,1,-0.569537,0.189242,0.198885,-1.250000,6.64
2026-03-16 10:02:45.483,50,2,-0.507222,0.185608,0.178988,-1.220000,7.24
2026-03-16 10:02:45.483,50,3,-0.563604,0.206240,0.198885,-1.220000,7.36
2026-03-16 10:02:45.483,50,4,-0.445688,0.178425,0.159092,-1.190000,5.52
2026-03-16 10:02:45.483,50,5,-0.501426,0.200739,0.178988,-1.190000,8.52
2026-03-16 10:02:45.483,50,6,-0.557164,0.223053,0.198885,-1.190000,8.24
2026-03-16 10:02:45.483,50,7,-0.440135,0.191713,0.159092,-1.160000,6.24
2026-03-16 10:02:45.483,50,8,-0.495179,0.215689,0.178988,-1.160000,10.00
2026-03-16 10:02:45.483,50,9,-0.550223,0.239665,0.198885,-1.160000,9.24
2026-03-16 10:02:45.483,50,10,-0.434894,0.210505,0.149459,-1.120000,7.24
2026-03-16 10:02:45.483,50,11,-0.488487,0.230445,0.178988,-1.130000,11.88
2026-03-16 10:02:45.483,50,12,-0.542787,0.256062,0.198885,-1.130000,10.24
2026-03-16 10:02:45.483,50,13,-0.430597,0.219160,0.149459,-1.100000,8.36
2026-03-16 10:02:45.483,50,14,-0.483780,0.240168,0.178988,-1.110000,14.00
2026-03-16 10:02:45.483,50,15,-0.537557,0.266865,0.198885,-1.110000,11.24
2026-03-16 10:02:45.483,50,16,-0.423829,0.231978,0.149459,-1.070000,9.76
2026-03-16 10:02:45.483,50,17,-0.478880,0.249795,0.178988,-1.090000,16.24
2026-03-16 10:02:45.483,50,18,-0.532113,0.277563,0.198885,-1.090000,12.12
2026-03-16 10:02:45.483,50,19,-0.419105,0.240407,0.149459,-1.050000,11.12
2026-03-16 10:02:45.483,50,20,-0.471172,0.264047,0.178988,-1.060000,18.76
2026-03-16 10:02:45.483,50,21,-0.523548,0.293399,0.198885,-1.060000,13.00
2026-03-16 10:02:45.483,50,22,-0.362373,0.222570,0.122287,-1.020000,5.00
2026-03-16 10:02:45.483,50,23,-0.414214,0.248741,0.149459,-1.030000,12.64
2026-03-16 10:02:45.483,50,24,-0.465797,0.273417,0.178988,-1.040000,21.24
2026-03-16 10:02:45.483,50,25,-0.409156,0.256975,0.149459,-1.010000,14.12
2026-03-16 10:02:45.483,50,26,-0.460236,0.282678,0.178988,-1.020000,23.36
2026-03-16 10:02:45.483,50,27,-0.403936,0.265106,0.149459,-0.990000,15.64
2026-03-16 10:02:45.483,50,28,-0.454491,0.291825,0.178988,-1.000000,25.00
2026-03-16 10:02:45.483,50,29,-0.398553,0.273131,0.149459,-0.970000,17.00
2026-03-16 10:02:45.483,50,30,-0.448564,0.300856,0.178988,-0.980000,25.88
2026-03-16 10:02:45.483,50,31,-0.442458,0.309767,0.178988,-0.960000,26.00
2026-03-16 10:02:45.483,50,32,-0.491641,0.344200,0.198885,-0.960000,14.76
2026-03-16 10:02:45.483,50,33,-0.335750,0.261006,0.122287,-0.910000,7.64
2026-03-16 10:02:45.483,50,34,-0.383741,0.298313,0.139767,-0.910000,17.88
2026-03-16 10:02:45.483,50,35,-0.374621,0.309690,0.139767,-0.880000,15.36
2026-03-16 10:02:45.483,50,36,-0.368352,0.317120,0.139767,-0.860000,13.36
2026-03-16 10:02:45.483,50,37,-0.361937,0.324423,0.139767,-0.840000,11.36
2026-03-16 10:02:45.483,50,38,-0.358282,0.334307,0.125125,-0.820000,9.36
2026-03-16 10:02:45.483,50,39,-0.415601,0.779172,0.061917,-0.490000,6.36
2026-03-16 10:02:45.483,50,40,-0.109463,0.215492,0.074767,-0.470000,16.76
2026-03-16 10:02:45.483,50,41,-0.109463,0.215492,0.074767,-0.470000,5.64
2026-03-16 10:02:45.483,50,42,-0.357775,0.704328,0.227164,-0.470000,5.00
2026-03-16 10:02:45.483,50,43,1.127088,6.565938,2.207707,0.170000,7.64
2026-03-16 10:02:45.483,50,44,1.335457,6.588018,2.227603,0.200000,10.52
2026-03-16 10:02:45.483,50,45,1.479992,6.618354,2.247421,0.220000,7.88
2026-03-16 10:02:45.538,51,0,-0.501426,0.200739,0.178988,-1.190000,5.00
2026-03-16 10:02:45.538,51,1,-0.439593,0.207380,0.139767,-1.130000,5.64
2026-03-16 10:02:45.538,51,2,-0.495179,0.215689,0.178988,-1.160000,5.76
2026-03-16 10:02:45.538,51,3,-0.433175,0.220472,0.139767,-1.100000,7.00
2026-03-16 10:02:45.538,51,4,-0.488487,0.230445,0.178988,-1.130000,6.76
2026-03-16 10:02:45.538,51,5,-0.376184,0.215786,0.087911,-1.050000,5.88
2026-03-16 10:02:45.538,51,6,-0.428679,0.229091,0.139767,-1.080000,8.64
2026-03-16 10:02:45.538,51,7,-0.483780,0.240168,0.178988,-1.110000,7.88
2026-03-16 10:02:45.538,51,8,-0.371793,0.223266,0.087911,-1.030000,7.12
2026-03-16 10:02:45.538,51,9,-0.424012,0.237618,0.139767,-1.060000,10.76
2026-03-16 10:02:45.538,51,10,-0.478880,0.249795,0.178988,-1.090000,9.36
2026-03-16 10:02:45.538,51,11,-0.532113,0.277563,0.198885,-1.090000,5.00
2026-03-16 10:02:45.538,51,12,-0.367254,0.230657,0.087911,-1.010000,8.36
2026-03-16 10:02:45.538,51,13,-0.419175,0.246050,0.139767,-1.040000,13.24
2026-03-16 10:02:45.538,51,14,-0.471172,0.264047,0.178988,-1.060000,11.00
2026-03-16 10:02:45.538,51,15,-0.363376,0.233321,0.096567,-1.000000,9.76
2026-03-16 10:02:45.538,51,16,-0.414214,0.248741,0.149459,-1.030000,16.00
2026-03-16 10:02:45.538,51,17,-0.465797,0.273417,0.178988,-1.040000,12.88
2026-03-16 10:02:45.538,51,18,-0.358638,0.240542,0.096567,-0.980000,11.00
2026-03-16 10:02:45.538,51,19,-0.409156,0.256975,0.149459,-1.010000,18.76
2026-03-16 10:02:45.538,51,20,-0.460236,0.282678,0.178988,-1.020000,14.88
2026-03-16 10:02:45.538,51,21,-0.353755,0.247666,0.096567,-0.960000,12.00
2026-03-16 10:02:45.538,51,22,-0.403936,0.265106,0.149459,-0.990000,21.36
2026-03-16 10:02:45.538,51,23,-0.454491,0.291825,0.178988,-1.000000,17.12
2026-03-16 10:02:45.538,51,24,-0.348747,0.249393,0.109476,-0.950000,12.76
2026-03-16 10:02:45.538,51,25,-0.398553,0.273131,0.149459,-0.970000,23.64
2026-03-16 10:02:45.538,51,26,-0.448564,0.300856,0.178988,-0.980000,19.36
2026-03-16 10:02:45.538,51,27,-0.343690,0.256318,0.109476,-0.930000,13.36
2026-03-16 10:02:45.538,51,28,-0.393011,0.281047,0.149459,-0.950000,25.52
2026-03-16 10:02:45.538,51,29,-0.442458,0.309767,0.178988,-0.960000,21.76
2026-03-16 10:02:45.538,51,30,-0.387689,0.283143,0.159092,-0.940000,27.24
2026-03-16 10:02:45.538,51,31,-0.323110,0.272592,0.130768,-0.870000,15.36
2026-03-16 10:02:45.538,51,32,-0.318322,0.274048,0.139196,-0.860000,15.36
2026-03-16 10:02:45.538,51,33,-0.363822,0.313219,0.159092,-0.860000,37.52
2026-03-16 10:02:45.538,51,34,-0.312777,0.280359,0.139196,-0.840000,14.88
2026-03-16 10:02:45.538,51,35,-0.357485,0.320433,0.159092,-0.840000,38.76
2026-03-16 10:02:45.538,51,36,-0.309958,0.283473,0.139196,-0.830000,13.88
2026-03-16 10:02:45.538,51,37,-0.354263,0.323992,0.159092,-0.830000,38.24
2026-03-16 10:02:45.538,51,38,-0.398568,0.364511,0.178988,-0.830000,44.00
2026-03-16 10:02:45.538,51,39,-0.304227,0.289615,0.139196,-0.810000,12.36
2026-03-16 10:02:45.538,51,40,-0.347713,0.331012,0.159092,-0.810000,35.36
2026-03-16 10:02:45.538,51,41,-0.391198,0.372408,0.178988,-0.810000,44.52
2026-03-16 10:02:45.538,51,42,-0.301316,0.292642,0.139196,-0.800000,10.64
2026-03-16 10:02:45.538,51,43,-0.344385,0.334472,0.159092,-0.800000,30.52
2026-03-16 10:02:45.538,51,44,-0.387455,0.376302,0.178988,-0.800000,42.52
2026-03-16 10:02:45.538,51,45,-0.295403,0.298610,0.139196,-0.780000,8.76
2026-03-16 10:02:45.538,51,46,-0.337627,0.341292,0.159092,-0.780000,24.64
2026-03-16 10:02:45.538,51,47,-0.379852,0.383975,0.178988,-0.780000,38.36
2026-03-16 10:02:45.538,51,48,-0.422076,0.426658,0.198885,-0.780000,26.36
2026-03-16 10:02:45.538,51,49,-0.292402,0.301549,0.139196,-0.770000,7.00
2026-03-16 10:02:45.538,51,50,-0.334198,0.344652,0.159092,-0.770000,19.12
2026-03-16 10:02:45.538,51,51,-0.375993,0.387754,0.178988,-0.770000,32.88
2026-03-16 10:02:45.538,51,52,-0.327238,0.351266,0.159092,-0.750000,14.52
2026-03-16 10:02:45.538,51,53,-0.368163,0.395196,0.178988,-0.750000,27.00
2026-03-16 10:02:45.538,51,54,-0.323709,0.354521,0.159092,-0.740000,11.00
2026-03-16 10:02:45.538,51,55,-0.364193,0.398858,0.178988,-0.740000,21.64
2026-03-16 10:02:45.538,51,56,-0.370297,0.617750,0.238677,-0.540000,5.76
2026-03-16 10:02:45.538,51,57,-0.374082,0.684753,0.258574,-0.500000,7.64
2026-03-16 10:02:45.538,51,58,-0.388454,0.764725,0.219014,-0.470000,11.24
2026-03-16 10:02:45.538,51,59,-0.107945,0.217873,0.069918,-0.460000,12.24
2026-03-16 10:02:45.538,51,60,0.723251,5.132281,1.159018,0.140000,5.64
2026-03-16 10:02:45.538,51,61,0.753673,4.986747,1.450245,0.150000,6.88
2026-03-16 10:02:45.538,51,62,1.583568,6.471026,2.207707,0.240000,5.88
2026-03-16 10:02:45.538,51,63,1.663052,6.513040,2.227603,0.250000,5.76
2026-03-16 10:02:45.594,52,0,-0.459335,0.211103,-0.015170,-1.140000,5.52
2026-03-16 10:02:45.594,52,1,-0.517215,0.219161,-0.090652,-1.170000,5.36
2026-03-16 10:02:45.594,52,2,-0.455203,0.220335,-0.005057,-1.120000,6.36
2026-03-16 10:02:45.594,52,3,-0.512729,0.229461,-0.090652,-1.150000,5.88
2026-03-16 10:02:45.594,52,4,-0.450706,0.229395,-0.005057,-1.100000,7.36
2026-03-16 10:02:45.594,52,5,-0.504666,0.250537,-0.079400,-1.110000,6.52
2026-03-16 10:02:45.594,52,6,-0.389954,0.208396,0.017695,-1.080000,5.36
2026-03-16 10:02:45.594,52,7,-0.443555,0.242774,0.010114,-1.070000,8.52
2026-03-16 10:02:45.594,52,8,-0.499803,0.267100,-0.051141,-1.080000,7.00
2026-03-16 10:02:45.594,52,9,-0.385072,0.215796,0.030950,-1.060000,6.12
2026-03-16 10:02:45.594,52,10,-0.440841,0.247049,0.020225,-1.060000,9.52
2026-03-16 10:02:45.594,52,11,-0.493342,0.282991,-0.017067,-1.050000,7.64
2026-03-16 10:02:45.594,52,12,-0.380069,0.223096,0.039771,-1.040000,6.76
2026-03-16 10:02:45.594,52,13,-0.435093,0.255394,0.035374,-1.040000,10.52
2026-03-16 10:02:45.594,52,14,-0.489506,0.287334,0.039797,-1.040000,8.24
2026-03-16 10:02:45.594,52,15,-0.376627,0.226169,0.052973,-1.030000,7.36
2026-03-16 10:02:45.594,52,16,-0.430461,0.258497,0.060544,-1.030000,11.24
2026-03-16 10:02:45.594,52,17,-0.483725,0.277474,0.113043,-1.050000,8.76
2026-03-16 10:02:45.594,52,18,-0.856611,0.538003,0.020234,-1.010000,5.12
2026-03-16 10:02:45.594,52,19,-0.370515,0.232706,0.066126,-1.010000,7.64
2026-03-16 10:02:45.594,52,20,-0.424741,0.260877,0.085564,-1.020000,11.88
2026-03-16 10:02:45.594,52,21,-0.476834,0.260989,0.168151,-1.070000,9.52
2026-03-16 10:02:45.594,52,22,-0.851188,0.546542,0.020234,-1.000000,5.36
2026-03-16 10:02:45.594,52,23,-0.366983,0.235637,0.074863,-1.000000,7.88
2026-03-16 10:02:45.594,52,24,-0.420567,0.258313,0.110370,-1.020000,12.36
2026-03-16 10:02:45.594,52,25,-0.471172,0.264047,0.178988,-1.060000,10.36
2026-03-16 10:02:45.594,52,26,-0.840088,0.563455,0.020234,-0.980000,5.36
2026-03-16 10:02:45.594,52,27,-0.363376,0.233321,0.096567,-1.000000,8.00
2026-03-16 10:02:45.594,52,28,-0.414170,0.254384,0.139767,-1.020000,12.76
2026-03-16 10:02:45.594,52,29,-0.465797,0.273417,0.178988,-1.040000,11.24
2026-03-16 10:02:45.594,52,30,-0.357850,0.229773,0.122287,-1.000000,8.12
2026-03-16 10:02:45.594,52,31,-0.409076,0.251255,0.159092,-1.020000,13.36
2026-03-16 10:02:45.594,52,32,-0.460236,0.282678,0.178988,-1.020000,12.36
2026-03-16 10:02:45.594,52,33,-0.403970,0.259386,0.159092,-1.000000,13.88
2026-03-16 10:02:45.594,52,34,-0.448564,0.300856,0.178988,-0.980000,14.12
2026-03-16 10:02:45.594,52,35,-0.481096,0.358793,0.198885,-0.930000,5.12
2026-03-16 10:02:45.594,52,36,-0.351601,0.628579,0.238677,-0.510000,12.24
2026-03-16 10:02:45.594,52,37,-0.383359,0.685355,0.242918,-0.510000,6.52
2026-03-16 10:02:45.594,52,38,-0.103566,0.219988,0.069918,-0.440000,13.64
2026-03-16 10:02:45.594,52,39,-0.103566,0.219988,0.069918,-0.440000,5.36
2026-03-16 10:02:45.594,52,40,-0.269058,1.780245,0.596654,-0.150000,5.12
2026-03-16 10:02:45.594,52,41,-0.174869,1.742859,0.541836,-0.100000,7.12
2026-03-16 10:02:45.594,52,42,0.000000,1.691185,0.523145,0.000000,11.64
2026-03-16 10:02:45.594,52,43,0.077995,1.558593,0.517147,0.050000,18.64
2026-03-16 10:02:45.594,52,44,0.080983,1.618320,0.536965,0.050000,23.24
2026-03-16 10:02:45.594,52,45,0.093576,1.557735,0.517147,0.060000,22.64
2026-03-16 10:02:45.594,52,46,0.097162,1.617429,0.536965,0.060000,22.76
2026-03-16 10:02:45.594,52,47,0.109149,1.556721,0.517147,0.070000,25.00
2026-03-16 10:02:45.594,52,48,0.114060,1.626766,0.504453,0.070000,20.12
2026-03-16 10:02:45.594,52,49,0.120683,1.505318,0.467144,0.080000,7.36
2026-03-16 10:02:45.594,52,50,0.125512,1.565550,0.485835,0.080000,23.88
2026-03-16 10:02:45.594,52,51,0.130322,1.625544,0.504453,0.080000,16.52
2026-03-16 10:02:45.594,52,52,0.141161,1.564217,0.485835,0.090000,19.76
2026-03-16 10:02:45.594,52,53,0.146570,1.624159,0.504453,0.090000,13.12
2026-03-16 10:02:45.594,52,54,0.156796,1.562727,0.485835,0.100000,15.00
2026-03-16 10:02:45.594,52,55,0.172415,1.561081,0.485835,0.110000,11.12
2026-03-16 10:02:45.594,52,56,0.661674,5.061096,1.467725,0.130000,6.52
2026-03-16 10:02:45.594,52,57,1.388754,6.515614,2.207707,0.210000,5.00
2026-03-16 10:02:45.594,52,58,1.532467,6.544996,2.227603,0.230000,5.24
2026-03-16 10:02:45.650,53,0,-0.464584,0.180621,0.085564,-1.200000,6.76
2026-03-16 10:02:45.650,53,1,-0.402615,0.161181,0.087911,-1.190000,5.36
2026-03-16 10:02:45.650,53,2,-0.460879,0.189876,0.085564,-1.180000,8.24
2026-03-16 10:02:45.650,53,3,-0.518517,0.213622,0.096265,-1.180000,5.52
2026-03-16 10:02:45.650,53,4,-0.397599,0.173185,0.087911,-1.160000,6.12
2026-03-16 10:02:45.650,53,5,-0.454976,0.203614,0.085564,-1.150000,9.76
2026-03-16 10:02:45.650,53,6,-0.511262,0.222695,0.113043,-1.160000,6.12
2026-03-16 10:02:45.650,53,7,-0.394056,0.181102,0.087911,-1.140000,6.88
2026-03-16 10:02:45.650,53,8,-0.450381,0.206989,0.100477,-1.140000,11.12
2026-03-16 10:02:45.650,53,9,-0.506707,0.232875,0.113043,-1.140000,6.88
2026-03-16 10:02:45.650,53,10,-0.388446,0.192841,0.087911,-1.110000,7.36
2026-03-16 10:02:45.650,53,11,-0.443970,0.220405,0.100477,-1.110000,12.24
2026-03-16 10:02:45.650,53,12,-0.499813,0.241928,0.124173,-1.120000,7.52
2026-03-16 10:02:45.650,53,13,-0.384512,0.200570,0.087911,-1.090000,7.64
2026-03-16 10:02:45.650,53,14,-0.439473,0.229240,0.100477,-1.090000,13.00
2026-03-16 10:02:45.650,53,15,-0.493809,0.245147,0.140773,-1.110000,8.12
2026-03-16 10:02:45.650,53,16,-0.380860,0.203536,0.096567,-1.080000,7.76
2026-03-16 10:02:45.650,53,17,-0.434801,0.237983,0.100477,-1.070000,13.24
2026-03-16 10:02:45.650,53,18,-0.488807,0.254973,0.140773,-1.090000,8.64
2026-03-16 10:02:45.650,53,19,-0.376713,0.211112,0.096567,-1.060000,7.52
2026-03-16 10:02:45.650,53,20,-0.430560,0.241288,0.110370,-1.060000,13.12
2026-03-16 10:02:45.650,53,21,-0.482290,0.257741,0.157246,-1.080000,9.12
2026-03-16 10:02:45.650,53,22,-0.372416,0.218603,0.096567,-1.040000,7.24
2026-03-16 10:02:45.650,53,23,-0.425648,0.249850,0.110370,-1.040000,12.76
2026-03-16 10:02:45.650,53,24,-0.476834,0.260989,0.168151,-1.070000,9.64
2026-03-16 10:02:45.650,53,25,-0.420100,0.252275,0.125125,-1.030000,12.12
2026-03-16 10:02:45.650,53,26,-0.292402,0.301549,0.139196,-0.770000,5.88
2026-03-16 10:02:45.650,53,27,-0.533876,0.561708,-0.274126,-0.760000,6.52
2026-03-16 10:02:45.650,53,28,-0.316555,0.360924,0.159092,-0.720000,8.88
2026-03-16 10:02:45.650,53,29,-0.335404,0.423354,0.178988,-0.670000,14.88
2026-03-16 10:02:45.650,53,30,-0.358409,0.481381,0.198885,-0.640000,17.88
2026-03-16 10:02:45.650,53,31,-0.364798,0.544836,-0.231940,-0.590000,9.76
2026-03-16 10:02:45.650,53,32,-0.373886,0.609824,-0.253033,-0.550000,15.12
2026-03-16 10:02:45.650,53,33,-0.385654,0.689457,0.227164,-0.510000,8.76
2026-03-16 10:02:45.650,53,34,-0.365506,0.756655,0.278470,-0.450000,5.88
2026-03-16 10:02:45.650,53,35,-0.096921,0.222995,0.069918,-0.410000,8.52
2026-03-16 10:02:45.650,53,36,-0.091378,0.532329,0.178988,-0.170000,8.12
2026-03-16 10:02:45.650,53,37,-0.296341,1.726360,0.541836,-0.170000,5.36
2026-03-16 10:02:45.650,53,38,-0.308399,1.796605,0.524178,-0.170000,5.24
2026-03-16 10:02:45.650,53,39,-0.076485,0.473944,0.159092,-0.160000,6.76
2026-03-16 10:02:45.650,53,40,-0.071742,0.474685,0.159092,-0.150000,6.36
2026-03-16 10:02:45.650,53,41,-0.066991,0.475379,0.159092,-0.140000,5.52
2026-03-16 10:02:45.707,54,0,-0.406434,0.172219,0.030950,-1.170000,5.00
2026-03-16 10:02:45.707,54,1,-0.464529,0.196836,0.035374,-1.170000,8.76
2026-03-16 10:02:45.707,54,2,-0.523488,0.221819,0.022754,-1.170000,9.12
2026-03-16 10:02:45.707,54,3,-0.582216,0.239865,-0.056826,-1.180000,8.64
2026-03-16 10:02:45.707,54,4,-0.402909,0.180313,0.030950,-1.150000,6.12
2026-03-16 10:02:45.707,54,5,-0.460500,0.206087,0.035374,-1.150000,10.76
2026-03-16 10:02:45.707,54,6,-0.516599,0.237421,0.022754,-1.140000,11.24
2026-03-16 10:02:45.707,54,7,-0.574759,0.257221,-0.056826,-1.150000,10.52
2026-03-16 10:02:45.707,54,8,-0.397319,0.192317,0.030950,-1.120000,7.64
2026-03-16 10:02:45.707,54,9,-0.455555,0.214910,0.045456,-1.130000,13.52
2026-03-16 10:02:45.707,54,10,-0.511747,0.247705,0.022754,-1.120000,13.88
2026-03-16 10:02:45.707,54,11,-0.569500,0.268664,-0.056826,-1.130000,13.00
2026-03-16 10:02:45.707,54,12,-0.392763,0.199904,0.039771,-1.100000,9.64
2026-03-16 10:02:45.707,54,13,-0.448904,0.228478,0.045456,-1.100000,17.24
2026-03-16 10:02:45.707,54,14,-0.505855,0.257464,0.039797,-1.100000,17.36
2026-03-16 10:02:45.707,54,15,-0.561185,0.285625,-0.056826,-1.100000,16.12
2026-03-16 10:02:45.707,54,16,-0.388687,0.207719,0.039771,-1.080000,12.36
2026-03-16 10:02:45.707,54,17,-0.444245,0.237410,0.045456,-1.080000,21.88
2026-03-16 10:02:45.707,54,18,-0.500605,0.267529,0.039797,-1.080000,21.76
2026-03-16 10:02:45.707,54,19,-0.555361,0.296791,-0.056826,-1.080000,19.64
2026-03-16 10:02:45.707,54,20,-0.384455,0.215450,0.039771,-1.060000,15.76
2026-03-16 10:02:45.707,54,21,-0.439408,0.246246,0.045456,-1.060000,27.52
2026-03-16 10:02:45.707,54,22,-0.495155,0.277487,0.039797,-1.060000,27.12
2026-03-16 10:02:45.707,54,23,-0.549315,0.307838,-0.056826,-1.060000,23.52
2026-03-16 10:02:45.707,54,24,-0.325743,0.191207,0.034086,-1.040000,5.12
2026-03-16 10:02:45.707,54,25,-0.380069,0.223096,0.039771,-1.040000,19.88
2026-03-16 10:02:45.707,54,26,-0.434396,0.254985,0.045456,-1.040000,33.52
2026-03-16 10:02:45.707,54,27,-0.489506,0.287334,0.039797,-1.040000,33.00
2026-03-16 10:02:45.707,54,28,-0.543048,0.318762,-0.056826,-1.040000,26.64
2026-03-16 10:02:45.707,54,29,-0.321854,0.197683,0.034086,-1.020000,6.88
2026-03-16 10:02:45.707,54,30,-0.375532,0.230652,0.039771,-1.020000,23.76
2026-03-16 10:02:45.707,54,31,-0.430461,0.258497,0.060544,-1.030000,38.24
2026-03-16 10:02:45.707,54,32,-0.483662,0.297066,0.039797,-1.020000,38.36
2026-03-16 10:02:45.707,54,33,-0.536565,0.329559,-0.056826,-1.020000,28.36
2026-03-16 10:02:45.707,54,34,-0.317836,0.204080,0.034086,-1.000000,8.36
2026-03-16 10:02:45.707,54,35,-0.372028,0.233656,0.052973,-1.010000,26.36
2026-03-16 10:02:45.707,54,36,-0.425205,0.267054,0.060544,-1.010000,40.12
2026-03-16 10:02:45.707,54,37,-0.476859,0.306188,0.051141,-1.000000,41.12
2026-03-16 10:02:45.707,54,38,-0.529867,0.340224,-0.056826,-1.000000,27.88
2026-03-16 10:02:45.707,54,39,-0.313691,0.210396,0.034086,-0.980000,8.52
2026-03-16 10:02:45.707,54,40,-0.367281,0.241049,0.052973,-0.990000,26.24
2026-03-16 10:02:45.707,54,41,-0.419779,0.275504,0.060544,-0.990000,38.52
2026-03-16 10:02:45.707,54,42,-0.470640,0.315663,0.051141,-0.980000,40.36
2026-03-16 10:02:45.707,54,43,-0.522957,0.350752,-0.056826,-0.980000,25.64
2026-03-16 10:02:45.707,54,44,-0.311572,0.213522,0.034086,-0.970000,7.12
2026-03-16 10:02:45.707,54,45,-0.362387,0.248346,0.052973,-0.970000,23.64
2026-03-16 10:02:45.707,54,46,-0.414186,0.283844,0.060544,-0.970000,34.36
2026-03-16 10:02:45.707,54,47,-0.467460,0.320354,0.051141,-0.970000,36.88
2026-03-16 10:02:45.707,54,48,-0.515838,0.361140,-0.056826,-0.960000,22.52
2026-03-16 10:02:45.707,54,49,-0.307239,0.219710,0.034086,-0.950000,5.52
2026-03-16 10:02:45.707,54,50,-0.357348,0.255544,0.052973,-0.950000,19.88
2026-03-16 10:02:45.707,54,51,-0.409654,0.286801,0.075578,-0.960000,29.52
2026-03-16 10:02:45.707,54,52,-0.459505,0.328598,0.068116,-0.950000,31.88
2026-03-16 10:02:45.707,54,53,-0.484538,0.611594,0.258574,-0.670000,5.00
2026-03-16 10:02:45.707,54,54,-0.225158,0.490946,0.178988,-0.430000,15.64
2026-03-16 10:02:45.707,54,55,-0.186950,0.442179,0.159092,-0.400000,12.76
2026-03-16 10:02:45.707,54,56,-0.148481,0.581497,0.198885,-0.250000,25.00
2026-03-16 10:02:45.707,54,57,-0.460295,1.802663,0.616550,-0.250000,7.52
2026-03-16 10:02:45.707,54,58,-0.356674,1.457496,0.497251,-0.240000,5.00
2026-03-16 10:02:45.707,54,59,-0.442246,1.807176,0.616550,-0.240000,8.64
2026-03-16 10:02:45.707,54,60,-0.424153,1.811508,0.616550,-0.230000,9.00
2026-03-16 10:02:45.707,54,61,-0.139338,0.653730,0.192205,-0.210000,30.12
2026-03-16 10:02:45.707,54,62,-0.406017,1.815659,0.616550,-0.220000,8.24
2026-03-16 10:02:45.707,54,63,-0.375324,1.760908,0.596654,-0.210000,6.76
2026-03-16 10:02:45.707,54,64,-0.143088,0.705876,0.238677,-0.200000,25.00
2026-03-16 10:02:45.707,54,65,-0.294449,1.715335,0.576758,-0.170000,5.52
2026-03-16 10:02:45.707,54,66,0.050404,1.679628,0.556861,0.030000,5.64
2026-03-16 10:02:45.707,54,67,0.080983,1.618320,0.536965,0.050000,8.88
2026-03-16 10:02:45.707,54,68,0.048955,0.610636,0.156421,0.080000,24.64
2026-03-16 10:02:45.707,54,69,0.053853,0.671723,0.172069,0.080000,22.12
2026-03-16 10:02:45.707,54,70,0.043426,0.481206,0.149459,0.090000,19.88
2026-03-16 10:02:45.707,54,71,0.049149,0.544627,0.157246,0.090000,32.00
2026-03-16 10:02:45.707,54,72,0.055059,0.610116,0.156421,0.090000,35.64
2026-03-16 10:02:45.707,54,73,0.060567,0.671151,0.172069,0.090000,26.88
2026-03-16 10:02:45.707,54,74,0.140259,1.554227,0.517147,0.090000,6.36
2026-03-16 10:02:45.707,54,75,0.048236,0.480748,0.149459,0.100000,26.12
2026-03-16 10:02:45.707,54,76,0.054593,0.544109,0.157246,0.100000,45.24
2026-03-16 10:02:45.707,54,77,0.061157,0.609534,0.156421,0.100000,49.36
2026-03-16 10:02:45.707,54,78,0.067276,0.670512,0.172069,0.100000,30.12
2026-03-16 10:02:45.707,54,79,0.053041,0.480241,0.149459,0.110000,30.52
2026-03-16 10:02:45.707,54,80,0.060031,0.543536,0.157246,0.110000,57.00
2026-03-16 10:02:45.707,54,81,0.067250,0.608892,0.156421,0.110000,56.36
2026-03-16 10:02:45.707,54,82,0.073377,0.664374,0.192205,0.110000,29.52
2026-03-16 10:02:45.707,54,83,0.057840,0.479687,0.149459,0.120000,29.64
2026-03-16 10:02:45.707,54,84,0.065463,0.542908,0.157246,0.120000,55.00
2026-03-16 10:02:45.707,54,85,0.073335,0.608190,0.156421,0.120000,47.12
2026-03-16 10:02:45.707,54,86,0.080017,0.663607,0.192205,0.120000,25.00
2026-03-16 10:02:45.707,54,87,0.062634,0.479084,0.149459,0.130000,24.00
2026-03-16 10:02:45.707,54,88,0.070889,0.542226,0.157246,0.130000,40.76
2026-03-16 10:02:45.707,54,89,0.079413,0.607426,0.156421,0.130000,32.12
2026-03-16 10:02:45.707,54,90,0.086649,0.662774,0.192205,0.130000,19.12
2026-03-16 10:02:45.707,54,91,0.067422,0.478434,0.149459,0.140000,17.64
2026-03-16 10:02:45.707,54,92,0.076308,0.541490,0.157246,0.140000,27.24
2026-03-16 10:02:45.707,54,93,0.085483,0.606601,0.156421,0.140000,20.76
2026-03-16 10:02:45.707,54,94,0.093273,0.661874,0.192205,0.140000,14.12
2026-03-16 10:02:45.707,54,95,0.076976,0.476990,0.149459,0.160000,12.64
2026-03-16 10:02:45.707,54,96,0.081719,0.540700,0.157246,0.150000,18.12
2026-03-16 10:02:45.707,54,97,0.091545,0.605716,0.156421,0.150000,13.76
2026-03-16 10:02:45.707,54,98,0.099887,0.660909,0.192205,0.150000,10.36
2026-03-16 10:02:45.707,54,99,0.077437,0.479846,0.139767,0.160000,9.24
2026-03-16 10:02:45.707,54,100,0.087122,0.539856,0.157246,0.160000,12.52
2026-03-16 10:02:45.707,54,101,0.097598,0.604770,0.156421,0.160000,9.64
2026-03-16 10:02:45.707,54,102,0.097901,0.538006,0.157246,0.180000,9.00
2026-03-16 10:02:45.707,54,103,1.427635,6.384217,2.167914,0.220000,5.24
2026-03-16 10:02:45.763,55,0,-0.494244,0.270518,-0.079400,-1.070000,5.00
2026-03-16 10:02:45.763,55,1,-0.488735,0.280348,-0.079400,-1.050000,5.76
2026-03-16 10:02:45.763,55,2,-0.430760,0.264573,-0.015170,-1.020000,5.52
2026-03-16 10:02:45.763,55,3,-0.481919,0.295995,-0.062464,-1.020000,6.52
2026-03-16 10:02:45.763,55,4,-0.425553,0.273244,-0.005057,-1.000000,6.12
2026-03-16 10:02:45.763,55,5,-0.478935,0.300800,-0.062464,-1.010000,7.36
2026-03-16 10:02:45.763,55,6,-0.420003,0.281700,-0.005057,-0.980000,6.76
2026-03-16 10:02:45.763,55,7,-0.470640,0.315663,-0.051141,-0.980000,8.24
2026-03-16 10:02:45.763,55,8,-0.414285,0.290043,-0.005057,-0.960000,7.52
2026-03-16 10:02:45.763,55,9,-0.464234,0.325012,-0.051141,-0.960000,9.24
2026-03-16 10:02:45.763,55,10,-0.357059,0.260772,0.017695,-0.940000,5.00
2026-03-16 10:02:45.763,55,11,-0.408341,0.298226,0.010114,-0.940000,8.12
2026-03-16 10:02:45.763,55,12,-0.458674,0.334986,-0.034120,-0.940000,10.24
2026-03-16 10:02:45.763,55,13,-0.354433,0.264330,0.017695,-0.930000,5.36
2026-03-16 10:02:45.763,55,14,-0.455917,0.340014,-0.017067,-0.930000,11.12
2026-03-16 10:02:45.763,55,15,-0.336847,0.284181,0.039771,-0.870000,5.52
2026-03-16 10:02:45.763,55,16,-0.414338,0.386613,0.051141,-0.820000,13.36
2026-03-16 10:02:45.763,55,17,-0.363674,0.346206,0.060544,-0.810000,10.88
2026-03-16 10:02:45.763,55,18,-0.424321,0.581968,0.238677,-0.630000,10.00
2026-03-16 10:02:45.763,55,19,-0.434113,0.648359,0.258574,-0.590000,5.64
2026-03-16 10:02:45.763,55,20,-0.327232,0.773977,0.278470,-0.400000,7.24
2026-03-16 10:02:45.763,55,21,-0.291752,0.851769,0.298366,-0.330000,5.00
2026-03-16 10:02:45.763,55,22,-0.480240,1.735233,0.596654,-0.270000,9.52
2026-03-16 10:02:45.763,55,23,-0.462864,1.739949,0.596654,-0.260000,12.76
2026-03-16 10:02:45.763,55,24,-0.478299,1.797970,0.616550,-0.260000,8.76
2026-03-16 10:02:45.763,55,25,-0.194283,0.760874,0.242918,-0.250000,10.52
2026-03-16 10:02:45.763,55,26,-0.445442,1.744490,0.596654,-0.250000,16.36
2026-03-16 10:02:45.763,55,27,-0.128387,0.524634,0.178988,-0.240000,14.52
2026-03-16 10:02:45.763,55,28,-0.142658,0.582952,0.198885,-0.240000,21.00
2026-03-16 10:02:45.763,55,29,-0.413703,1.690539,0.576758,-0.240000,9.00
2026-03-16 10:02:45.763,55,30,-0.427975,1.748857,0.596654,-0.240000,18.76
2026-03-16 10:02:45.763,55,31,-0.396777,1.694592,0.576758,-0.230000,12.00
2026-03-16 10:02:45.763,55,32,-0.410465,1.753050,0.596654,-0.230000,18.24
2026-03-16 10:02:45.763,55,33,-0.104767,0.468505,0.159092,-0.220000,5.88
2026-03-16 10:02:45.763,55,34,-0.379812,1.698475,0.576758,-0.220000,15.00
2026-03-16 10:02:45.763,55,35,-0.392914,1.757067,0.596654,-0.220000,15.36
2026-03-16 10:02:45.763,55,36,-0.362808,1.702188,0.576758,-0.210000,16.52
2026-03-16 10:02:45.763,55,37,-0.142946,0.743271,0.053069,-0.190000,12.00
2026-03-16 10:02:45.763,55,38,-0.345769,1.705731,0.576758,-0.200000,15.64
2026-03-16 10:02:45.763,55,39,-0.317355,1.650144,0.556861,-0.190000,7.76
2026-03-16 10:02:45.763,55,40,-0.328694,1.709103,0.576758,-0.190000,12.88
2026-03-16 10:02:45.763,55,41,-0.117190,0.682700,0.062511,-0.170000,26.52
2026-03-16 10:02:45.763,55,42,-0.284291,1.656161,0.556861,-0.170000,8.88
2026-03-16 10:02:45.763,55,43,-0.267716,1.658921,0.556861,-0.160000,9.36
2026-03-16 10:02:45.763,55,44,-0.303419,2.320827,0.775643,-0.130000,5.76
2026-03-16 10:02:45.763,55,45,-0.311202,2.380360,0.795539,-0.130000,5.64
2026-03-16 10:02:45.763,55,46,-0.280196,2.323745,0.775643,-0.120000,6.12
2026-03-16 10:02:45.763,55,47,-0.287383,2.383353,0.795539,-0.120000,6.52
2026-03-16 10:02:45.763,55,48,-0.256945,2.326431,0.775643,-0.110000,6.00
2026-03-16 10:02:45.763,55,49,-0.263536,2.386107,0.795539,-0.110000,6.88
2026-03-16 10:02:45.763,55,50,-0.233668,2.328884,0.775643,-0.100000,5.12
2026-03-16 10:02:45.763,55,51,-0.239662,2.388623,0.795539,-0.100000,6.52
2026-03-16 10:02:45.763,55,52,-0.215764,2.390901,0.795539,-0.090000,5.64
2026-03-16 10:02:45.763,55,53,-0.113332,1.616377,0.536965,-0.070000,5.00
2026-03-16 10:02:45.763,55,54,-0.032387,0.539143,0.178988,-0.060000,16.12
2026-03-16 10:02:45.763,55,55,-0.012002,0.600034,0.198885,-0.020000,55.00
2026-03-16 10:02:45.763,55,56,-0.014702,0.735015,0.187718,-0.020000,15.64
2026-03-16 10:02:45.763,55,57,-0.006001,0.600124,0.198885,-0.010000,54.00
2026-03-16 10:02:45.763,55,58,0.000000,0.480076,0.159092,0.000000,7.52
2026-03-16 10:02:45.763,55,59,0.000000,0.600154,0.198885,0.000000,50.00
2026-03-16 10:02:45.763,55,60,0.006001,0.600124,0.198885,0.010000,43.76
2026-03-16 10:02:45.763,55,61,0.006602,0.660160,0.218781,0.010000,49.52
2026-03-16 10:02:45.763,55,62,0.012002,0.600034,0.198885,0.020000,36.64
2026-03-16 10:02:45.763,55,63,0.013203,0.660061,0.218781,0.020000,53.76
2026-03-16 10:02:45.763,55,64,0.018002,0.599884,0.198885,0.030000,29.88
2026-03-16 10:02:45.763,55,65,0.019803,0.659896,0.218781,0.030000,54.64
2026-03-16 10:02:45.763,55,66,0.026401,0.659665,0.218781,0.040000,51.12
2026-03-16 10:02:45.763,55,67,0.032996,0.659368,0.218781,0.050000,44.12
2026-03-16 10:02:45.763,55,68,0.039588,0.659005,0.218781,0.060000,36.00
2026-03-16 10:02:45.763,55,69,0.046176,0.658576,0.218781,0.070000,28.36
2026-03-16 10:02:45.763,55,70,0.052759,0.658082,0.218781,0.080000,22.12
2026-03-16 10:02:45.763,55,71,0.059337,0.657521,0.218781,0.090000,17.24
2026-03-16 10:02:45.763,55,72,1.413736,6.632823,2.247421,0.210000,6.88
2026-03-16 10:02:45.763,55,73,1.532467,6.544996,2.227603,0.230000,8.24
2026-03-16 10:02:45.763,55,74,1.648198,6.454867,2.207707,0.250000,7.36
2026-03-16 10:02:45.823,56,0,-0.465577,0.197280,0.010114,-1.170000,5.64
2026-03-16 10:02:45.823,56,1,-0.523802,0.221952,0.011379,-1.170000,9.00
2026-03-16 10:02:45.823,56,2,-0.459450,0.211156,0.010114,-1.140000,6.64
2026-03-16 10:02:45.823,56,3,-0.516599,0.237421,0.022754,-1.140000,10.12
2026-03-16 10:02:45.823,56,4,-0.455135,0.220302,0.010114,-1.120000,7.76
2026-03-16 10:02:45.823,56,5,-0.511747,0.247705,0.022754,-1.120000,11.64
2026-03-16 10:02:45.823,56,6,-0.569500,0.268664,0.056826,-1.130000,7.52
2026-03-16 10:02:45.823,56,7,-0.450368,0.229223,0.020225,-1.100000,9.24
2026-03-16 10:02:45.823,56,8,-0.506691,0.257890,0.022754,-1.100000,13.24
2026-03-16 10:02:45.823,56,9,-0.562233,0.279116,0.075688,-1.110000,8.36
2026-03-16 10:02:45.823,56,10,-0.445693,0.238184,0.020225,-1.080000,11.12
2026-03-16 10:02:45.823,56,11,-0.500605,0.267529,0.039797,-1.080000,15.36
2026-03-16 10:02:45.823,56,12,-0.556539,0.290304,0.075688,-1.090000,9.52
2026-03-16 10:02:45.823,56,13,-0.385709,0.216153,0.017695,-1.060000,5.36
2026-03-16 10:02:45.823,56,14,-0.440841,0.247049,0.020225,-1.060000,13.52
2026-03-16 10:02:45.823,56,15,-0.495155,0.277487,0.039797,-1.060000,17.88
2026-03-16 10:02:45.823,56,16,-0.550622,0.301376,0.075688,-1.070000,10.88
2026-03-16 10:02:45.823,56,17,-0.381309,0.223823,0.017695,-1.040000,6.12
2026-03-16 10:02:45.823,56,18,-0.435093,0.255394,0.035374,-1.040000,16.36
2026-03-16 10:02:45.823,56,19,-0.489506,0.287334,0.039797,-1.040000,21.24
2026-03-16 10:02:45.823,56,20,-0.542270,0.311057,0.094482,-1.050000,12.36
2026-03-16 10:02:45.823,56,21,-0.376134,0.231022,0.030950,-1.020000,7.24
2026-03-16 10:02:45.823,56,22,-0.429898,0.264044,0.035374,-1.020000,20.12
2026-03-16 10:02:45.823,56,23,-0.483662,0.297066,0.039797,-1.020000,25.36
2026-03-16 10:02:45.823,56,24,-0.535941,0.321839,0.094482,-1.030000,14.00
2026-03-16 10:02:45.823,56,25,-0.371439,0.238498,0.030950,-1.000000,8.36
2026-03-16 10:02:45.823,56,26,-0.424532,0.272589,0.035374,-1.000000,24.88
2026-03-16 10:02:45.823,56,27,-0.476859,0.306188,0.051141,-1.000000,30.88
2026-03-16 10:02:45.823,56,28,-0.529397,0.332493,0.094482,-1.010000,16.00
2026-03-16 10:02:45.823,56,29,-0.366595,0.245879,0.030950,-0.980000,9.76
2026-03-16 10:02:45.823,56,30,-0.418324,0.280574,0.045456,-0.980000,30.88
2026-03-16 10:02:45.823,56,31,-0.470640,0.315663,0.051141,-0.980000,37.88
2026-03-16 10:02:45.823,56,32,-0.524351,0.336682,0.106966,-1.000000,18.24
2026-03-16 10:02:45.823,56,33,-0.361605,0.253161,0.030950,-0.960000,11.36
2026-03-16 10:02:45.823,56,34,-0.415498,0.284743,0.045456,-0.970000,38.24
2026-03-16 10:02:45.823,56,35,-0.467460,0.320354,0.051141,-0.970000,46.88
2026-03-16 10:02:45.823,56,36,-0.517513,0.347101,0.106966,-0.980000,20.88
2026-03-16 10:02:45.823,56,37,-0.358480,0.256353,0.039771,-0.950000,13.24
2026-03-16 10:02:45.823,56,38,-0.409720,0.292996,0.045456,-0.950000,46.64
2026-03-16 10:02:45.823,56,39,-0.459505,0.328598,0.068116,-0.950000,58.12
2026-03-16 10:02:45.823,56,40,-0.511138,0.350286,0.125609,-0.970000,23.88
2026-03-16 10:02:45.823,56,41,-0.402504,0.300180,0.060544,-0.930000,54.76
2026-03-16 10:02:45.823,56,42,-0.452842,0.337721,0.068116,-0.930000,71.24
2026-03-16 10:02:45.823,56,43,-0.504031,0.360438,0.125609,-0.950000,27.00
2026-03-16 10:02:45.823,56,44,-0.399482,0.304190,0.060544,-0.920000,60.24
2026-03-16 10:02:45.823,56,45,-0.449442,0.342233,0.068116,-0.920000,84.52
2026-03-16 10:02:45.823,56,46,-0.498272,0.363906,0.137976,-0.940000,30.36
2026-03-16 10:02:45.823,56,47,-0.344129,0.273084,0.052973,-0.900000,17.36
2026-03-16 10:02:45.823,56,48,-0.393319,0.312118,0.060544,-0.900000,60.88
2026-03-16 10:02:45.823,56,49,-0.444183,0.345300,0.085030,-0.910000,94.52
2026-03-16 10:02:45.823,56,50,-0.490895,0.373798,0.137976,-0.920000,33.88
2026-03-16 10:02:45.823,56,51,-0.341381,0.276512,0.052973,-0.890000,16.76
2026-03-16 10:02:45.823,56,52,-0.388591,0.314751,0.075578,-0.890000,56.12
2026-03-16 10:02:45.823,56,53,-0.437189,0.354114,0.085030,-0.890000,97.64
2026-03-16 10:02:45.823,56,54,-0.335783,0.283284,0.052973,-0.870000,15.00
2026-03-16 10:02:45.823,56,55,-0.432229,0.357313,0.096265,-0.880000,92.64
2026-03-16 10:02:45.823,56,56,-0.331580,0.285462,0.066126,-0.860000,12.52
2026-03-16 10:02:45.823,56,57,-0.325805,0.292036,0.066126,-0.840000,9.88
2026-03-16 10:02:45.823,56,58,-0.462562,0.382389,0.198885,-0.880000,41.76
2026-03-16 10:02:45.823,56,59,-0.338873,0.495329,0.198885,-0.600000,30.12
2026-03-16 10:02:45.823,56,60,-0.394705,0.602448,0.238677,-0.580000,23.88
2026-03-16 10:02:45.823,56,61,-0.339429,0.566253,0.218781,-0.540000,34.88
2026-03-16 10:02:45.823,56,62,-0.398427,0.664677,-0.274126,-0.540000,9.12
2026-03-16 10:02:45.823,56,63,-0.365506,0.756655,0.278470,-0.450000,7.76
2026-03-16 10:02:45.823,56,64,-0.119232,0.588191,0.198885,-0.200000,82.52
2026-03-16 10:02:45.823,56,65,-0.131160,0.647033,0.218781,-0.200000,84.52
2026-03-16 10:02:45.823,56,66,-0.476929,2.352764,0.795539,-0.200000,13.12
2026-03-16 10:02:45.823,56,67,-0.488857,2.411606,0.815435,-0.200000,12.00
2026-03-16 10:02:45.823,56,68,-0.136022,0.707271,0.238677,-0.190000,21.64
2026-03-16 10:02:45.823,56,69,-0.442039,2.298457,0.775643,-0.190000,8.00
2026-03-16 10:02:45.823,56,70,-0.453378,2.357416,0.795539,-0.190000,16.00
2026-03-16 10:02:45.823,56,71,-0.464717,2.416374,0.815435,-0.190000,14.00
2026-03-16 10:02:45.823,56,72,-0.395984,2.306837,0.775643,-0.170000,7.24
2026-03-16 10:02:45.823,56,73,-0.406142,2.366011,0.795539,-0.170000,17.00
2026-03-16 10:02:45.823,56,74,-0.416299,2.425185,0.815435,-0.170000,15.24
2026-03-16 10:02:45.823,56,75,-0.426457,2.484358,0.835332,-0.170000,7.88
2026-03-16 10:02:45.823,56,76,-0.086050,0.533216,0.178988,-0.160000,58.76
2026-03-16 10:02:45.823,56,77,-0.382462,2.369954,0.795539,-0.160000,15.24
2026-03-16 10:02:45.823,56,78,-0.392027,2.429226,0.815435,-0.160000,14.88
2026-03-16 10:02:45.823,56,79,-0.080714,0.534050,0.178988,-0.150000,59.24
2026-03-16 10:02:45.823,56,80,-0.358744,2.373660,0.795539,-0.150000,12.00
2026-03-16 10:02:45.823,56,81,-0.367716,2.433025,0.815435,-0.150000,13.12
2026-03-16 10:02:45.823,56,82,-0.066991,0.475379,0.159092,-0.140000,21.24
2026-03-16 10:02:45.823,56,83,-0.075369,0.534830,0.178988,-0.140000,56.88
2026-03-16 10:02:45.823,56,84,-0.334989,2.377129,0.795539,-0.140000,9.00
2026-03-16 10:02:45.823,56,85,-0.343368,2.436581,0.815435,-0.140000,10.76
2026-03-16 10:02:45.823,56,86,-0.062234,0.476025,0.159092,-0.130000,21.64
2026-03-16 10:02:45.823,56,87,-0.070017,0.535557,0.178988,-0.130000,51.76
2026-03-16 10:02:45.823,56,88,-0.318985,2.439892,0.815435,-0.130000,8.52
2026-03-16 10:02:45.823,56,89,-0.057471,0.476623,0.159092,-0.120000,20.88
2026-03-16 10:02:45.823,56,90,-0.064658,0.536231,0.178988,-0.120000,44.64
2026-03-16 10:02:45.823,56,91,-0.052702,0.477174,0.159092,-0.110000,19.00
2026-03-16 10:02:45.823,56,92,-0.059293,0.536851,0.178988,-0.110000,37.00
2026-03-16 10:02:45.823,56,93,-0.047928,0.477677,0.159092,-0.100000,16.36
2026-03-16 10:02:45.823,56,94,-0.053922,0.537417,0.178988,-0.100000,29.88
2026-03-16 10:02:45.823,56,95,-0.043149,0.478133,0.159092,-0.090000,13.64
2026-03-16 10:02:45.823,56,96,-0.048545,0.537929,0.178988,-0.090000,23.88
2026-03-16 10:02:45.823,56,97,-0.038365,0.478540,0.159092,-0.080000,11.00
2026-03-16 10:02:45.823,56,98,-0.128213,1.599244,0.358770,-0.080000,5.00
2026-03-16 10:02:45.823,56,99,-0.033578,0.478900,0.159092,-0.070000,8.76
2026-03-16 10:02:45.823,56,100,0.107963,1.797223,0.596654,0.060000,14.88
2026-03-16 10:02:45.823,56,101,0.121730,1.736161,0.576758,0.070000,10.52
2026-03-16 10:02:45.823,56,102,0.125929,1.796053,0.596654,0.070000,17.24
2026-03-16 10:02:45.823,56,103,0.134287,1.675010,0.556861,0.080000,6.52
2026-03-16 10:02:45.823,56,104,0.139085,1.734857,0.576758,0.080000,10.24
2026-03-16 10:02:45.823,56,105,0.143883,1.794704,0.596654,0.080000,17.12
2026-03-16 10:02:45.823,56,106,0.148681,1.854551,0.616550,0.080000,11.64
2026-03-16 10:02:45.823,56,107,0.156427,1.733379,0.576758,0.090000,9.12
2026-03-16 10:02:45.823,56,108,0.161823,1.793175,0.596654,0.090000,14.64
2026-03-16 10:02:45.823,56,109,0.167219,1.852972,0.616550,0.090000,12.00
2026-03-16 10:02:45.823,56,110,0.179746,1.791468,0.596654,0.100000,11.36
2026-03-16 10:02:45.823,56,111,0.185740,1.851207,0.616550,0.100000,11.00
2026-03-16 10:02:45.823,56,112,0.197652,1.789581,0.596654,0.110000,8.64
2026-03-16 10:02:45.823,56,113,0.204243,1.849257,0.616550,0.110000,9.12
2026-03-16 10:02:45.823,56,114,1.154737,6.727012,2.111344,0.170000,5.36
2026-03-16 10:02:45.823,56,115,1.258173,6.542085,2.207707,0.190000,6.36
2026-03-16 10:02:45.823,56,116,1.269512,6.601043,2.227603,0.190000,7.64
2026-03-16 10:02:45.881,57,0,-0.568776,0.254543,0.106966,-1.150000,7.00
2026-03-16 10:02:45.881,57,1,-0.624893,0.302472,-0.041705,-1.120000,8.36
2026-03-16 10:02:45.881,57,2,-0.507192,0.239270,0.096265,-1.130000,5.64
2026-03-16 10:02:45.881,57,3,-0.563572,0.265867,0.106966,-1.130000,7.88
2026-03-16 10:02:45.881,57,4,-0.619804,0.315460,-0.006955,-1.100000,8.64
2026-03-16 10:02:45.881,57,5,-0.498826,0.260199,0.085030,-1.090000,6.76
2026-03-16 10:02:45.881,57,6,-0.555343,0.282652,0.106966,-1.100000,9.00
2026-03-16 10:02:45.881,57,7,-0.609971,0.333860,0.013909,-1.070000,8.64
2026-03-16 10:02:45.881,57,8,-0.440454,0.241077,0.060544,-1.070000,6.24
2026-03-16 10:02:45.881,57,9,-0.493522,0.270123,0.085030,-1.070000,8.36
2026-03-16 10:02:45.881,57,10,-0.549580,0.293702,0.106966,-1.080000,10.24
2026-03-16 10:02:45.881,57,11,-0.605237,0.339178,0.048645,-1.060000,8.64
2026-03-16 10:02:45.881,57,12,-0.660790,0.361675,0.090832,-1.070000,7.00
2026-03-16 10:02:45.881,57,13,-0.435544,0.249837,0.060544,-1.050000,8.24
2026-03-16 10:02:45.881,57,14,-0.488022,0.279939,0.085030,-1.050000,10.36
2026-03-16 10:02:45.881,57,15,-0.543555,0.297508,0.125609,-1.070000,11.76
2026-03-16 10:02:45.881,57,16,-0.597375,0.350651,0.062511,-1.040000,8.64
2026-03-16 10:02:45.881,57,17,-0.652358,0.365585,0.128367,-1.060000,6.24
2026-03-16 10:02:45.881,57,18,-0.375532,0.230652,0.039771,-1.020000,6.24
2026-03-16 10:02:45.881,57,19,-0.430461,0.258497,0.060544,-1.030000,10.76
2026-03-16 10:02:45.881,57,20,-0.482326,0.289643,0.085030,-1.030000,13.12
2026-03-16 10:02:45.881,57,21,-0.537496,0.308318,0.125609,-1.050000,13.64
2026-03-16 10:02:45.881,57,22,-0.589556,0.354036,0.103934,-1.030000,8.64
2026-03-16 10:02:45.881,57,23,-0.370844,0.238116,0.039771,-1.000000,7.88
2026-03-16 10:02:45.881,57,24,-0.425205,0.267054,0.060544,-1.010000,13.64
2026-03-16 10:02:45.881,57,25,-0.476437,0.299231,0.085030,-1.010000,16.36
2026-03-16 10:02:45.881,57,26,-0.531223,0.319006,0.125609,-1.030000,15.76
2026-03-16 10:02:45.881,57,27,-0.366008,0.245485,0.039771,-0.980000,9.12
2026-03-16 10:02:45.881,57,28,-0.419779,0.275504,0.060544,-0.990000,16.36
2026-03-16 10:02:45.881,57,29,-0.470357,0.308699,0.085030,-0.990000,20.24
2026-03-16 10:02:45.881,57,30,-0.524737,0.329566,0.125609,-1.010000,18.12
2026-03-16 10:02:45.881,57,31,-0.363535,0.249133,0.039771,-0.970000,9.24
2026-03-16 10:02:45.881,57,32,-0.414186,0.283844,0.060544,-0.970000,17.76
2026-03-16 10:02:45.881,57,33,-0.464090,0.318044,0.085030,-0.970000,24.00
2026-03-16 10:02:45.881,57,34,-0.518041,0.339994,0.125609,-0.990000,20.64
2026-03-16 10:02:45.881,57,35,-0.358480,0.256353,0.039771,-0.950000,8.24
2026-03-16 10:02:45.881,57,36,-0.408426,0.292071,0.060544,-0.950000,17.12
2026-03-16 10:02:45.881,57,37,-0.460886,0.322669,0.085030,-0.960000,26.36
2026-03-16 10:02:45.881,57,38,-0.511138,0.350286,0.125609,-0.970000,23.12
2026-03-16 10:02:45.881,57,39,-0.353281,0.263471,0.039771,-0.930000,6.88
2026-03-16 10:02:45.881,57,40,-0.402504,0.300180,0.060544,-0.930000,15.12
2026-03-16 10:02:45.881,57,41,-0.454341,0.331821,0.085030,-0.940000,26.36
2026-03-16 10:02:45.881,57,42,-0.504031,0.360438,0.125609,-0.950000,25.24
2026-03-16 10:02:45.881,57,43,-0.399482,0.304190,0.060544,-0.920000,12.76
2026-03-16 10:02:45.881,57,44,-0.449547,0.335264,0.096265,-0.930000,24.36
2026-03-16 10:02:45.881,57,45,-0.496721,0.370446,0.125609,-0.930000,26.76
2026-03-16 10:02:45.881,57,46,-0.442752,0.344187,0.096265,-0.910000,21.36
2026-03-16 10:02:45.881,57,47,-0.492992,0.375395,0.125609,-0.920000,27.36
2026-03-16 10:02:45.881,57,48,-0.485386,0.385179,0.125609,-0.900000,27.24
2026-03-16 10:02:45.881,57,49,-0.451716,0.475265,-0.231940,-0.760000,12.64
2026-03-16 10:02:45.881,57,50,-0.339621,0.419979,0.178988,-0.680000,13.52
2026-03-16 10:02:45.881,57,51,-0.653223,0.934619,0.377873,-0.610000,5.24
2026-03-16 10:02:45.881,57,52,-0.573803,0.915230,0.357977,-0.560000,5.12
2026-03-16 10:02:45.881,57,53,-0.380911,0.680978,0.258574,-0.510000,14.36
2026-03-16 10:02:45.881,57,54,-0.338960,0.635485,0.238677,-0.490000,13.64
2026-03-16 10:02:45.881,57,55,-0.388038,0.745351,0.278470,-0.480000,5.64
2026-03-16 10:02:45.881,57,56,-0.152009,0.713181,0.209685,-0.210000,29.24
2026-03-16 10:02:45.881,57,57,-0.171373,0.766359,0.242918,-0.220000,9.12
2026-03-16 10:02:45.881,57,58,-0.120717,0.595515,0.174726,-0.200000,29.52
2026-03-16 10:02:45.881,57,59,-0.144870,0.714665,0.209685,-0.200000,33.24
2026-03-16 10:02:45.881,57,60,-0.127268,0.661752,0.172069,-0.190000,38.52
2026-03-16 10:02:45.881,57,61,-0.138842,0.721933,0.187718,-0.190000,34.36
2026-03-16 10:02:45.881,57,62,-0.465001,2.293922,0.775643,-0.200000,6.00
2026-03-16 10:02:45.881,57,63,-0.121514,0.667771,0.151779,-0.180000,36.88
2026-03-16 10:02:45.881,57,64,-0.131616,0.723285,0.187718,-0.180000,31.36
2026-03-16 10:02:45.881,57,65,-0.442039,2.298457,0.775643,-0.190000,6.88
2026-03-16 10:02:45.881,57,66,-0.453378,2.357416,0.795539,-0.190000,6.88
2026-03-16 10:02:45.881,57,67,-0.114830,0.668953,0.151779,-0.170000,32.52
2026-03-16 10:02:45.881,57,68,-0.124376,0.724565,0.187718,-0.170000,25.64
2026-03-16 10:02:45.881,57,69,-0.395984,2.306837,0.775643,-0.170000,7.12
2026-03-16 10:02:45.881,57,70,-0.406142,2.366011,0.795539,-0.170000,9.24
2026-03-16 10:02:45.881,57,71,-0.117125,0.725772,0.187718,-0.160000,19.36
2026-03-16 10:02:45.881,57,72,-0.372897,2.310682,0.775643,-0.160000,6.52
2026-03-16 10:02:45.881,57,73,-0.382462,2.369954,0.795539,-0.160000,12.24
2026-03-16 10:02:45.881,57,74,-0.392027,2.429226,0.815435,-0.160000,9.24
2026-03-16 10:02:45.881,57,75,-0.401593,2.488499,0.835332,-0.160000,7.36
2026-03-16 10:02:45.881,57,76,-0.109861,0.726907,0.187718,-0.150000,14.36
2026-03-16 10:02:45.881,57,77,-0.349772,2.314295,0.775643,-0.150000,5.24
2026-03-16 10:02:45.881,57,78,-0.358744,2.373660,0.795539,-0.150000,14.88
2026-03-16 10:02:45.881,57,79,-0.367716,2.433025,0.815435,-0.150000,11.88
2026-03-16 10:02:45.881,57,80,-0.376688,2.492390,0.835332,-0.150000,8.88
2026-03-16 10:02:45.881,57,81,-0.385660,2.551755,0.855228,-0.150000,6.36
2026-03-16 10:02:45.881,57,82,-0.334989,2.377129,0.795539,-0.140000,15.24
2026-03-16 10:02:45.881,57,83,-0.343368,2.436581,0.815435,-0.140000,13.76
2026-03-16 10:02:45.881,57,84,-0.351746,2.496032,0.835332,-0.140000,9.64
2026-03-16 10:02:45.881,57,85,-0.311202,2.380360,0.795539,-0.130000,13.12
2026-03-16 10:02:45.881,57,86,-0.318985,2.439892,0.815435,-0.130000,13.76
2026-03-16 10:02:45.881,57,87,-0.326768,2.499425,0.835332,-0.130000,9.36
2026-03-16 10:02:45.881,57,88,-0.287383,2.383353,0.795539,-0.120000,10.24
2026-03-16 10:02:45.881,57,89,-0.294571,2.442960,0.815435,-0.120000,12.00
2026-03-16 10:02:45.881,57,90,-0.301758,2.502568,0.835332,-0.120000,8.24
2026-03-16 10:02:45.881,57,91,-0.263536,2.386107,0.795539,-0.110000,7.64
2026-03-16 10:02:45.881,57,92,-0.270127,2.445784,0.815435,-0.110000,9.64
2026-03-16 10:02:45.881,57,93,-0.037752,0.418337,0.139196,-0.090000,5.52
2026-03-16 10:02:45.881,57,94,-0.033567,0.418693,0.139196,-0.080000,6.76
2026-03-16 10:02:45.881,57,95,-0.029379,0.419008,0.139196,-0.070000,7.36
2026-03-16 10:02:45.881,57,96,-0.033578,0.478900,0.159092,-0.070000,12.24
2026-03-16 10:02:45.881,57,97,-0.355390,5.068712,1.030001,-0.070000,7.52
2026-03-16 10:02:45.881,57,98,-0.359726,5.130549,1.042567,-0.070000,7.00
2026-03-16 10:02:45.881,57,99,0.000000,1.604375,0.358770,0.000000,6.52
2026-03-16 10:02:45.881,57,100,0.022207,2.220625,0.735928,0.010000,5.00
2026-03-16 10:02:45.881,57,101,0.050404,1.679628,0.556861,0.030000,6.52
2026-03-16 10:02:45.881,57,102,0.052205,1.739640,0.576758,0.030000,7.64
2026-03-16 10:02:45.881,57,103,0.064797,1.619049,0.536965,0.040000,8.00
2026-03-16 10:02:45.881,57,104,0.143883,1.794704,0.596654,0.080000,8.52
2026-03-16 10:02:45.881,57,105,0.204243,1.849257,0.616550,0.110000,11.52
2026-03-16 10:02:45.881,57,106,0.222725,1.847122,0.616550,0.120000,11.36
2026-03-16 10:02:45.881,57,107,1.968747,6.364425,2.207707,0.300000,5.36
2026-03-16 10:02:45.881,57,108,1.986490,6.421782,2.227603,0.300000,6.76
2026-03-16 10:02:45.927,58,0,-0.754561,0.310868,0.098403,-1.180000,10.36
2026-03-16 10:02:45.927,58,1,-0.748193,0.325897,0.098403,-1.160000,11.52
2026-03-16 10:02:45.927,58,2,-0.805763,0.350973,0.105975,-1.160000,9.00
2026-03-16 10:02:45.927,58,3,-0.738081,0.348192,0.098403,-1.130000,12.36
2026-03-16 10:02:45.927,58,4,-0.794873,0.374984,0.105975,-1.130000,11.24
2026-03-16 10:02:45.927,58,5,-0.674724,0.334961,0.090832,-1.110000,7.12
2026-03-16 10:02:45.927,58,6,-0.730970,0.362883,0.098403,-1.110000,12.88
2026-03-16 10:02:45.927,58,7,-0.787867,0.381357,0.132290,-1.120000,13.64
2026-03-16 10:02:45.927,58,8,-0.667890,0.348387,0.090832,-1.090000,7.00
2026-03-16 10:02:45.927,58,9,-0.723566,0.377429,0.098403,-1.090000,12.88
2026-03-16 10:02:45.927,58,10,-0.776073,0.404818,0.132290,-1.090000,15.00
2026-03-16 10:02:45.927,58,11,-0.832635,0.413354,0.188438,-1.110000,5.00
2026-03-16 10:02:45.927,58,12,-0.660790,0.361675,0.090832,-1.070000,6.88
2026-03-16 10:02:45.927,58,13,-0.715873,0.391824,0.098403,-1.070000,12.36
2026-03-16 10:02:45.927,58,14,-0.767822,0.420257,0.132290,-1.070000,14.76
2026-03-16 10:02:45.927,58,15,-0.824202,0.429923,0.188438,-1.090000,5.00
2026-03-16 10:02:45.927,58,16,-0.489506,0.287334,0.039797,-1.040000,5.12
2026-03-16 10:02:45.927,58,17,-0.544819,0.319802,0.025283,-1.040000,5.64
2026-03-16 10:02:45.927,58,18,-0.653424,0.374817,0.090832,-1.050000,6.52
2026-03-16 10:02:45.927,58,19,-0.707894,0.406062,0.098403,-1.050000,11.36
2026-03-16 10:02:45.927,58,20,-0.759264,0.435529,0.132290,-1.050000,12.88
2026-03-16 10:02:45.927,58,21,-0.482887,0.296590,0.051141,-1.020000,6.76
2026-03-16 10:02:45.927,58,22,-0.537426,0.330088,0.044221,-1.020000,6.36
2026-03-16 10:02:45.927,58,23,-0.699632,0.420138,0.098403,-1.030000,10.12
2026-03-16 10:02:45.927,58,24,-0.750402,0.450626,0.132290,-1.030000,10.24
2026-03-16 10:02:45.927,58,25,-0.423852,0.272152,0.045456,-1.000000,5.76
2026-03-16 10:02:45.927,58,26,-0.478382,0.300452,0.068116,-1.010000,8.52
2026-03-16 10:02:45.927,58,27,-0.530717,0.340770,0.044221,-1.000000,6.88
2026-03-16 10:02:45.927,58,28,-0.419779,0.275504,0.060544,-0.990000,6.76
2026-03-16 10:02:45.927,58,29,-0.472278,0.309959,0.068116,-0.990000,9.76
2026-03-16 10:02:45.927,58,30,-0.522957,0.350752,0.056826,-0.980000,6.88
2026-03-16 10:02:45.927,58,31,-0.414186,0.283844,0.060544,-0.970000,7.00
2026-03-16 10:02:45.927,58,32,-0.464090,0.318044,0.085030,-0.970000,10.00
2026-03-16 10:02:45.927,58,33,-0.517783,0.354840,0.075688,-0.970000,6.36
2026-03-16 10:02:45.927,58,34,-0.409654,0.286801,0.075578,-0.960000,6.76
2026-03-16 10:02:45.927,58,35,-0.459401,0.321629,0.096265,-0.960000,9.52
2026-03-16 10:02:45.927,58,36,-0.169904,0.186076,0.022739,-0.740000,5.52
2026-03-16 10:02:45.927,58,37,-0.414469,0.661089,0.258574,-0.560000,6.00
2026-03-16 10:02:45.927,58,38,-0.373886,0.609824,-0.253033,-0.550000,5.76
2026-03-16 10:02:45.927,58,39,-0.272297,0.794970,0.278470,-0.330000,5.12
2026-03-16 10:02:45.927,58,40,-0.068673,0.230129,0.079585,-0.290000,17.24
2026-03-16 10:02:45.927,58,41,-0.225899,0.757001,0.227164,-0.290000,5.24
2026-03-16 10:02:45.927,58,42,-0.169530,0.724043,0.150740,-0.230000,8.88
2026-03-16 10:02:45.927,58,43,-0.136183,0.671810,0.117666,-0.200000,14.52
2026-03-16 10:02:45.927,58,44,-0.098301,0.609130,0.137976,-0.160000,9.64
2026-03-16 10:02:45.927,58,45,-0.382462,2.369954,0.795539,-0.160000,6.52
2026-03-16 10:02:45.927,58,46,-0.385660,2.551755,0.855228,-0.150000,5.76
2026-03-16 10:02:45.927,58,47,-0.343368,2.436581,0.815435,-0.140000,6.52
2026-03-16 10:02:45.927,58,48,-0.351746,2.496032,0.835332,-0.140000,7.00
2026-03-16 10:02:45.927,58,49,-0.366144,5.222078,0.367043,-0.070000,5.12
2026-03-16 10:02:45.927,58,50,-0.121730,1.736161,0.576758,-0.070000,9.12
2026-03-16 10:02:45.927,58,51,-0.100763,1.677360,0.556861,-0.060000,13.64
2026-03-16 10:02:45.927,58,52,-0.083984,1.678284,0.556861,-0.050000,16.88
2026-03-16 10:02:45.927,58,53,-0.067197,1.679040,0.556861,-0.040000,19.52
2026-03-16 10:02:45.927,58,54,-0.033605,1.680048,0.556861,-0.020000,20.76
2026-03-16 10:02:45.927,58,55,-0.015605,1.560465,0.517147,-0.010000,10.52
2026-03-16 10:02:45.927,58,56,-0.016203,1.620264,0.536965,-0.010000,20.64
2026-03-16 10:02:45.927,58,57,0.000000,1.620345,0.536965,0.000000,22.88
2026-03-16 10:02:45.927,58,58,0.016203,1.620264,0.536965,0.010000,22.36
2026-03-16 10:02:45.927,58,59,0.032405,1.620021,0.536965,0.020000,19.64
2026-03-16 10:02:45.927,58,60,0.222725,1.847122,0.616550,0.120000,7.76
2026-03-16 10:02:45.927,58,61,0.233401,1.785270,0.596654,0.130000,8.12
2026-03-16 10:02:45.971,59,0,-0.732009,0.336420,0.163306,-1.140000,5.64
2026-03-16 10:02:45.971,59,1,-0.286902,0.457615,0.178988,-0.560000,7.36
2026-03-16 10:02:45.971,59,2,-0.313693,0.511646,0.198885,-0.550000,5.52
2026-03-16 10:02:45.971,59,3,-0.281202,0.597311,0.218781,-0.440000,6.88
2026-03-16 10:02:45.971,59,4,-0.267149,0.668854,0.238677,-0.380000,11.36
2026-03-16 10:02:45.971,59,5,-0.267553,0.732966,0.258574,-0.350000,10.64
2026-03-16 10:02:45.971,59,6,-0.264334,0.797653,0.278470,-0.320000,6.76
2026-03-16 10:02:45.971,59,7,-0.061740,0.232085,0.079585,-0.260000,12.52
2026-03-16 10:02:45.971,59,8,-0.500432,2.347877,0.795539,-0.210000,5.12
2026-03-16 10:02:45.971,59,9,-0.467704,2.431905,0.766062,-0.190000,5.00
2026-03-16 10:02:45.971,59,10,-0.095615,0.592489,0.198885,-0.160000,9.12
2026-03-16 10:02:45.971,59,11,-0.105857,0.655950,0.205534,-0.160000,5.52
2026-03-16 10:02:45.971,59,12,-0.089686,0.593415,0.198885,-0.150000,8.88
2026-03-16 10:02:45.971,59,13,-0.129489,1.615163,0.536965,-0.080000,6.36
2026-03-16 10:02:46.038,60,0,-0.738590,0.321714,0.163306,-1.160000,7.52
2026-03-16 10:02:46.038,60,1,-0.796290,0.318784,0.219014,-1.190000,6.64
2026-03-16 10:02:46.038,60,2,-0.732009,0.336420,0.163306,-1.140000,8.64
2026-03-16 10:02:46.038,60,3,-0.786369,0.342525,0.219014,-1.160000,7.64
2026-03-16 10:02:46.038,60,4,-0.721588,0.358226,0.163306,-1.110000,9.52
2026-03-16 10:02:46.038,60,5,-0.777609,0.376392,0.193188,-1.120000,8.52
2026-03-16 10:02:46.038,60,6,-0.659539,0.352465,0.128367,-1.080000,5.36
2026-03-16 10:02:46.038,60,7,-0.714280,0.372585,0.163306,-1.090000,10.00
2026-03-16 10:02:46.038,60,8,-0.769926,0.391868,0.193188,-1.100000,9.00
2026-03-16 10:02:46.038,60,9,-0.825444,0.359545,0.298366,-1.160000,5.36
2026-03-16 10:02:46.038,60,10,-0.652358,0.365585,0.128367,-1.060000,6.00
2026-03-16 10:02:46.038,60,11,-0.706686,0.386795,0.163306,-1.070000,9.88
2026-03-16 10:02:46.038,60,12,-0.761935,0.407187,0.193188,-1.080000,9.00
2026-03-16 10:02:46.038,60,13,-0.814287,0.384143,0.298366,-1.130000,5.36
2026-03-16 10:02:46.038,60,14,-0.644917,0.378558,0.128367,-1.040000,6.52
2026-03-16 10:02:46.038,60,15,-0.698677,0.410115,0.139068,-1.040000,9.24
2026-03-16 10:02:46.038,60,16,-0.752580,0.431695,0.175872,-1.050000,8.52
2026-03-16 10:02:46.038,60,17,-0.806442,0.400351,0.298366,-1.110000,5.24
2026-03-16 10:02:46.038,60,18,-0.637217,0.391380,0.128367,-1.020000,6.64
2026-03-16 10:02:46.038,60,19,-0.743796,0.446659,0.175872,-1.030000,7.64
2026-03-16 10:02:46.038,60,20,-0.629262,0.404045,0.128367,-1.000000,6.64
2026-03-16 10:02:46.038,60,21,-0.249414,0.479079,0.178988,-0.480000,9.88
2026-03-16 10:02:46.038,60,22,-0.217420,0.428020,0.159092,-0.470000,5.64
2026-03-16 10:02:46.038,60,23,-0.244611,0.481549,0.178988,-0.470000,10.36
2026-03-16 10:02:46.038,60,24,-0.271802,0.535078,0.198885,-0.470000,9.88
2026-03-16 10:02:46.038,60,25,-0.208816,0.432283,0.159092,-0.450000,5.36
2026-03-16 10:02:46.038,60,26,-0.234931,0.486345,0.178988,-0.450000,9.76
2026-03-16 10:02:46.038,60,27,-0.230056,0.488670,0.178988,-0.440000,8.24
2026-03-16 10:02:46.038,60,28,-0.225158,0.490946,0.178988,-0.430000,6.52
2026-03-16 10:02:46.038,60,29,-0.152323,0.887371,0.298366,-0.170000,7.76
2026-03-16 10:02:46.038,60,30,-0.134016,0.950993,0.318263,-0.140000,8.36
2026-03-16 10:02:46.038,60,31,-0.111995,1.014025,0.338080,-0.110000,7.12
2026-03-16 10:02:46.038,60,32,-0.307393,5.117059,0.774762,-0.060000,6.36
2026-03-16 10:02:46.038,60,33,-0.312413,5.200637,0.628220,-0.060000,7.24
2026-03-16 10:02:46.038,60,34,-0.100763,1.677360,0.556861,-0.060000,5.36
2026-03-16 10:02:46.038,60,35,-0.080983,1.618320,0.536965,-0.050000,6.64
2026-03-16 10:02:46.082,61,0,-0.714519,0.381847,0.139068,-1.080000,5.00
2026-03-16 10:02:46.082,61,1,-0.769498,0.411229,0.149769,-1.080000,5.24
2026-03-16 10:02:46.082,61,2,-0.706739,0.396060,0.139068,-1.060000,5.64
2026-03-16 10:02:46.082,61,3,-0.759264,0.435529,0.132290,-1.050000,5.88
2026-03-16 10:02:46.082,61,4,-0.696787,0.418429,0.122838,-1.030000,6.24
2026-03-16 10:02:46.082,61,5,-0.750402,0.450626,0.132290,-1.030000,6.12
2026-03-16 10:02:46.082,61,6,-0.691090,0.434046,0.098403,-1.010000,6.64
2026-03-16 10:02:46.082,61,7,-0.744267,0.467444,0.105975,-1.010000,6.24
2026-03-16 10:02:46.082,61,8,-0.682271,0.447780,0.098403,-0.990000,6.76
2026-03-16 10:02:46.082,61,9,-0.174423,0.169402,0.069918,-0.800000,8.00
2026-03-16 10:02:46.082,61,10,-0.414469,0.661089,0.258574,-0.560000,7.64
2026-03-16 10:02:46.082,61,11,-0.345298,0.632063,0.238677,-0.500000,11.52
2026-03-16 10:02:46.082,61,12,-0.232225,0.807585,0.278470,-0.280000,5.12
2026-03-16 10:02:46.082,61,13,-0.064057,0.231456,0.079585,-0.270000,10.52
2026-03-16 10:02:46.082,61,14,-0.574300,2.346797,0.747371,-0.240000,11.00
2026-03-16 10:02:46.082,61,15,-0.550804,2.352423,0.747371,-0.230000,12.88
2026-03-16 10:02:46.082,61,16,-0.564580,2.411257,0.766062,-0.230000,11.00
2026-03-16 10:02:46.082,61,17,-0.527253,2.357813,0.747371,-0.220000,13.24
2026-03-16 10:02:46.082,61,18,-0.187687,0.880570,0.298366,-0.210000,10.00
2026-03-16 10:02:46.082,61,19,-0.470791,2.322486,0.681424,-0.200000,7.52
2026-03-16 10:02:46.082,61,20,-0.503649,2.362968,0.747371,-0.210000,12.00
2026-03-16 10:02:46.082,61,21,-0.456292,2.372568,0.747371,-0.190000,9.76
2026-03-16 10:02:46.082,61,22,-0.181378,0.943106,0.318263,-0.190000,8.52
2026-03-16 10:02:46.082,61,23,-0.226108,1.604491,0.536965,-0.140000,6.36
2026-03-16 10:02:46.082,61,24,-0.234486,1.663943,0.556861,-0.140000,5.88
2026-03-16 10:02:46.082,61,25,-0.210052,1.606672,0.536965,-0.130000,8.52
2026-03-16 10:02:46.082,61,26,-0.193975,1.608692,0.536965,-0.120000,10.36
2026-03-16 10:02:46.082,61,27,-0.177879,1.610552,0.536965,-0.110000,11.24
2026-03-16 10:02:46.082,61,28,-0.161765,1.612250,0.536965,-0.100000,10.64
2026-03-16 10:02:46.082,61,29,-0.145634,1.613787,0.536965,-0.090000,9.00
2026-03-16 10:02:46.082,61,30,0.016797,0.419701,0.139196,0.040000,6.76
2026-03-16 10:02:46.082,61,31,0.020993,0.419512,0.139196,0.050000,7.64
2026-03-16 10:02:46.082,61,32,0.021587,0.359350,0.119299,0.060000,6.00
2026-03-16 10:02:46.082,61,33,0.025187,0.419281,0.139196,0.060000,7.36
2026-03-16 10:02:46.082,61,34,0.025179,0.359116,0.119299,0.070000,7.12
2026-03-16 10:02:46.082,61,35,0.029379,0.419008,0.139196,0.070000,6.52
2026-03-16 10:02:46.082,61,36,0.028769,0.358846,0.119299,0.080000,7.36
2026-03-16 10:02:46.082,61,37,0.032356,0.358541,0.119299,0.090000,6.88
2026-03-16 10:02:46.137,62,0,0.747664,0.240154,0.242918,1.260000,7.00
2026-03-16 10:02:46.137,62,1,-0.747664,0.240154,0.242918,-1.260000,7.76
2026-03-16 10:02:46.137,62,2,-0.805457,0.322454,0.175872,-1.190000,7.36
2026-03-16 10:02:46.137,62,3,-0.740124,0.262472,0.242918,-1.230000,8.36
2026-03-16 10:02:46.137,62,4,-0.795422,0.346469,0.175872,-1.160000,8.64
2026-03-16 10:02:46.137,62,5,-0.731918,0.284555,0.242918,-1.200000,8.88
2026-03-16 10:02:46.137,62,6,-0.788334,0.362307,0.175872,-1.140000,9.88
2026-03-16 10:02:46.137,62,7,-0.724380,0.289996,0.258574,-1.190000,9.12
2026-03-16 10:02:46.137,62,8,-0.777112,0.385790,0.175872,-1.110000,10.88
2026-03-16 10:02:46.137,62,9,-0.715355,0.311593,0.258574,-1.160000,9.00
2026-03-16 10:02:46.137,62,10,-0.769241,0.401254,0.175872,-1.090000,11.12
2026-03-16 10:02:46.137,62,11,-0.705687,0.332911,0.258574,-1.130000,8.64
2026-03-16 10:02:46.137,62,12,-0.761063,0.416558,0.175872,-1.070000,10.64
2026-03-16 10:02:46.137,62,13,-0.815502,0.457011,0.160469,-1.060000,5.12
2026-03-16 10:02:46.137,62,14,-0.698888,0.346957,0.258574,-1.110000,8.12
2026-03-16 10:02:46.137,62,15,-0.753639,0.422343,0.193188,-1.060000,9.52
2026-03-16 10:02:46.137,62,16,-0.745042,0.437330,0.193188,-1.040000,8.36
2026-03-16 10:02:46.137,62,17,-0.786630,0.505089,0.160469,-1.000000,5.64
2026-03-16 10:02:46.137,62,18,-0.061740,0.232085,0.079585,-0.260000,6.64
2026-03-16 10:02:46.137,62,19,-0.116345,0.677777,0.103934,-0.170000,5.88
2026-03-16 10:02:46.137,62,20,-0.436615,2.543532,0.855228,-0.170000,6.36
2026-03-16 10:02:46.137,62,21,-0.084286,0.598102,0.186843,-0.140000,5.00
2026-03-16 10:02:46.137,62,22,-0.010802,0.540007,0.178988,-0.020000,5.12
2026-03-16 10:02:46.137,62,23,0.008400,0.419953,0.139196,0.020000,6.88
2026-03-16 10:02:46.137,62,24,0.012599,0.419848,0.139196,0.030000,8.24
2026-03-16 10:02:46.137,62,25,0.014400,0.479860,0.159092,0.030000,5.12
2026-03-16 10:02:46.137,62,26,0.016797,0.419701,0.139196,0.040000,8.76
2026-03-16 10:02:46.137,62,27,0.017992,0.359548,0.119299,0.050000,6.12
2026-03-16 10:02:46.137,62,28,0.020993,0.419512,0.139196,0.050000,7.88
2026-03-16 10:02:46.137,62,29,0.021587,0.359350,0.119299,0.060000,6.00
2026-03-16 10:02:46.137,62,30,0.025187,0.419281,0.139196,0.060000,6.24
2026-03-16 10:02:46.137,62,31,0.025179,0.359116,0.119299,0.070000,5.36
2026-03-16 10:02:46.205,63,0,-0.689994,0.206502,0.238677,-1.280000,5.24
2026-03-16 10:02:46.205,63,1,-0.747670,0.290679,0.179385,-1.200000,7.52
2026-03-16 10:02:46.205,63,2,-0.683489,0.227105,0.238677,-1.250000,6.12
2026-03-16 10:02:46.205,63,3,-0.739396,0.296007,0.203366,-1.190000,9.24
2026-03-16 10:02:46.205,63,4,-0.676370,0.247505,0.238677,-1.220000,7.00
2026-03-16 10:02:46.205,63,5,-0.730184,0.318052,0.203366,-1.160000,11.24
2026-03-16 10:02:46.205,63,6,-0.789090,0.372256,0.149769,-1.130000,6.24
2026-03-16 10:02:46.205,63,7,-0.668641,0.267682,0.238677,-1.190000,7.64
2026-03-16 10:02:46.205,63,8,-0.721072,0.322700,0.227164,-1.150000,12.76
2026-03-16 10:02:46.205,63,9,-0.777112,0.385790,0.175872,-1.110000,6.76
2026-03-16 10:02:46.205,63,10,-0.660311,0.287617,0.238677,-1.160000,8.00
2026-03-16 10:02:46.205,63,11,-0.714474,0.337056,0.227164,-1.130000,13.24
2026-03-16 10:02:46.205,63,12,-0.769241,0.401254,0.175872,-1.090000,7.00
2026-03-16 10:02:46.205,63,13,-0.651387,0.307294,0.238677,-1.130000,7.76
2026-03-16 10:02:46.205,63,14,-0.706837,0.342136,0.242918,-1.120000,12.24
2026-03-16 10:02:46.205,63,15,-0.761063,0.416558,0.175872,-1.070000,7.00
2026-03-16 10:02:46.205,63,16,-0.645111,0.320260,0.238677,-1.110000,7.24
2026-03-16 10:02:46.205,63,17,-0.698888,0.346957,0.258574,-1.110000,10.52
2026-03-16 10:02:46.205,63,18,-0.752580,0.431695,0.175872,-1.050000,6.76
2026-03-16 10:02:46.205,63,19,-0.638577,0.333097,0.238677,-1.090000,6.36
2026-03-16 10:02:46.205,63,20,-0.691810,0.360864,0.258574,-1.090000,8.52
2026-03-16 10:02:46.205,63,21,-0.318985,2.439892,0.815435,-0.130000,5.24
2026-03-16 10:02:46.205,63,22,-0.060004,1.499304,0.497251,-0.040000,10.24
2026-03-16 10:02:46.205,63,23,-0.031209,1.560231,0.517147,-0.020000,14.76
2026-03-16 10:02:46.205,63,24,-0.015005,1.500429,0.497251,-0.010000,9.88
2026-03-16 10:02:46.205,63,25,-0.015605,1.560465,0.517147,-0.010000,15.64
2026-03-16 10:02:46.205,63,26,0.000000,1.500504,0.497251,0.000000,9.00
2026-03-16 10:02:46.205,63,27,0.000000,1.560543,0.517147,0.000000,15.24
2026-03-16 10:02:46.205,63,28,0.015605,1.560465,0.517147,0.010000,13.76
2026-03-16 10:02:46.205,63,29,0.031209,1.560231,0.517147,0.020000,11.36
2026-03-16 10:02:46.205,63,30,0.046809,1.559841,0.517147,0.030000,9.12
2026-03-16 10:02:46.205,63,31,0.016797,0.419701,0.139196,0.040000,5.76
2026-03-16 10:02:46.205,63,32,0.064797,1.619049,0.536965,0.040000,16.24
2026-03-16 10:02:46.205,63,33,0.017992,0.359548,0.119299,0.050000,5.36
2026-03-16 10:02:46.205,63,34,0.020993,0.419512,0.139196,0.050000,6.88
2026-03-16 10:02:46.205,63,35,0.080983,1.618320,0.536965,0.050000,17.24
2026-03-16 10:02:46.205,63,36,0.021587,0.359350,0.119299,0.060000,5.52
2026-03-16 10:02:46.205,63,37,0.025187,0.419281,0.139196,0.060000,7.36
2026-03-16 10:02:46.205,63,38,0.028787,0.479212,0.159092,0.060000,5.12
2026-03-16 10:02:46.205,63,39,0.097162,1.617429,0.536965,0.060000,16.12
2026-03-16 10:02:46.205,63,40,0.029379,0.419008,0.139196,0.070000,6.76
2026-03-16 10:02:46.205,63,41,0.113332,1.616377,0.536965,0.070000,13.76
2026-03-16 10:02:46.205,63,42,0.033567,0.418693,0.139196,0.080000,5.52
2026-03-16 10:02:46.205,63,43,0.129489,1.615163,0.536965,0.080000,10.88
2026-03-16 10:02:46.205,63,44,0.219235,1.676914,0.523145,0.130000,15.76
2026-03-16 10:02:46.205,63,45,0.345769,1.705731,0.576758,0.200000,12.64
2026-03-16 10:02:46.205,63,46,0.128711,0.200808,-0.084372,0.570000,8.00
2026-03-16 10:02:46.248,64,0,-0.721588,0.358226,0.163306,-1.110000,7.52
2026-03-16 10:02:46.248,64,1,-0.776073,0.404818,0.132290,-1.090000,8.64
2026-03-16 10:02:46.248,64,2,-0.714916,0.363869,0.179385,-1.100000,8.12
2026-03-16 10:02:46.248,64,3,-0.767822,0.420257,0.132290,-1.070000,8.76
2026-03-16 10:02:46.248,64,4,-0.825403,0.462560,0.066341,-1.060000,6.36
2026-03-16 10:02:46.248,64,5,-0.706150,0.368345,0.203366,-1.090000,8.36
2026-03-16 10:02:46.248,64,6,-0.759264,0.435529,0.132290,-1.050000,8.64
2026-03-16 10:02:46.248,64,7,-0.698643,0.382393,0.203366,-1.070000,8.36
2026-03-16 10:02:46.248,64,8,-0.750402,0.450626,0.132290,-1.030000,8.12
2026-03-16 10:02:46.248,64,9,-0.628299,0.352102,0.238677,-1.060000,5.52
2026-03-16 10:02:46.248,64,10,-0.128341,0.747663,0.015174,-0.170000,5.12
2026-03-16 10:02:46.248,64,11,-0.130018,0.805665,0.098403,-0.160000,5.00
2026-03-16 10:02:46.248,64,12,-0.134863,1.494431,0.497251,-0.090000,7.00
2026-03-16 10:02:46.248,64,13,-0.119912,1.495705,0.497251,-0.080000,7.88
2026-03-16 10:02:46.248,64,14,-0.104950,1.496829,0.497251,-0.070000,7.76
2026-03-16 10:02:46.248,64,15,-0.109149,1.556721,0.517147,-0.070000,9.36
2026-03-16 10:02:46.248,64,16,-0.089976,1.497804,0.497251,-0.060000,6.76
2026-03-16 10:02:46.248,64,17,0.000000,1.620345,0.536965,0.000000,12.64
2026-03-16 10:02:46.248,64,18,0.118286,1.687043,0.523145,0.070000,8.64
2026-03-16 10:02:46.248,64,19,0.249686,1.771801,0.400124,0.140000,10.64
2026-03-16 10:02:46.248,64,20,0.337132,1.852686,0.227064,0.180000,7.24
2026-03-16 10:02:46.304,65,0,-0.787009,0.400563,0.061917,-1.100000,6.24
2026-03-16 10:02:46.304,65,1,-0.665543,0.364276,-0.007587,-1.070000,5.24
2026-03-16 10:02:46.304,65,2,-0.724389,0.387122,0.032871,-1.080000,5.12
2026-03-16 10:02:46.304,65,3,-0.778841,0.416222,0.061917,-1.080000,7.00
2026-03-16 10:02:46.304,65,4,-0.661370,0.370635,0.030342,-1.060000,5.76
2026-03-16 10:02:46.304,65,5,-0.716503,0.401531,0.032871,-1.060000,5.52
2026-03-16 10:02:46.304,65,6,-0.770361,0.431714,0.061917,-1.060000,7.76
2026-03-16 10:02:46.304,65,7,-0.651701,0.382540,0.068195,-1.040000,6.00
2026-03-16 10:02:46.304,65,8,-0.708329,0.415780,0.032871,-1.040000,5.76
2026-03-16 10:02:46.304,65,9,-0.762833,0.447773,0.035401,-1.040000,8.36
2026-03-16 10:02:46.304,65,10,-0.643171,0.386233,0.113386,-1.030000,6.12
2026-03-16 10:02:46.304,65,11,-0.699873,0.429863,0.032871,-1.020000,5.88
2026-03-16 10:02:46.304,65,12,-0.753725,0.462939,0.035401,-1.020000,8.76
2026-03-16 10:02:46.304,65,13,-0.744316,0.477920,0.035401,-1.000000,8.88
2026-03-16 10:02:46.304,65,14,-0.693935,0.573659,0.298366,-0.880000,5.00
2026-03-16 10:02:46.304,65,15,-0.077821,0.227198,0.079585,-0.330000,15.36
2026-03-16 10:02:46.304,65,16,-0.077821,0.227198,0.079585,-0.330000,7.24
2026-03-16 10:02:46.304,65,17,-0.394632,2.611120,0.875124,-0.150000,5.12
2026-03-16 10:02:46.304,65,18,-0.334551,2.558957,0.855228,-0.130000,5.00
2026-03-16 10:02:46.304,65,19,-0.149800,1.493008,0.497251,-0.100000,8.76
2026-03-16 10:02:46.304,65,20,-0.155794,1.552747,0.517147,-0.100000,8.76
2026-03-16 10:02:46.304,65,21,-0.140259,1.554227,0.517147,-0.090000,9.00
2026-03-16 10:02:46.304,65,22,1.413736,6.632823,2.247421,0.210000,5.24
2026-03-16 10:02:46.304,65,23,1.466942,6.559993,2.227603,0.220000,5.52
2026-03-16 10:02:46.359,66,0,-0.562556,0.345523,0.218781,-1.020000,5.12
2026-03-16 10:02:46.359,66,1,-0.555533,0.356704,0.218781,-1.000000,6.24
2026-03-16 10:02:46.359,66,2,-0.548289,0.367743,0.218781,-0.980000,7.24
2026-03-16 10:02:46.359,66,3,-0.540825,0.378634,0.218781,-0.960000,7.76
2026-03-16 10:02:46.359,66,4,-0.590008,0.413068,0.238677,-0.960000,5.88
2026-03-16 10:02:46.359,66,5,-0.080089,0.226409,0.079585,-0.340000,17.52
2026-03-16 10:02:46.359,66,6,-0.080089,0.226409,0.079585,-0.340000,8.52
2026-03-16 10:02:46.359,66,7,-0.080089,0.226409,0.079585,-0.340000,5.12
2026-03-16 10:02:46.359,66,8,1.388754,6.515614,2.207707,0.210000,11.12
2026-03-16 10:02:46.359,66,9,1.466942,6.559993,2.227603,0.220000,10.76
2026-03-16 10:02:46.359,66,10,1.677847,6.570983,2.247421,0.250000,5.88
2026-03-16 10:02:46.412,67,0,-0.796655,0.385611,0.017704,-1.120000,5.88
2026-03-16 10:02:46.412,67,1,-0.788310,0.401225,0.035401,-1.100000,7.00
2026-03-16 10:02:46.412,67,2,-0.844634,0.429892,0.037930,-1.100000,6.24
2026-03-16 10:02:46.412,67,3,-0.780129,0.416910,0.035401,-1.080000,8.24
2026-03-16 10:02:46.412,67,4,-0.835868,0.446697,0.037930,-1.080000,7.36
2026-03-16 10:02:46.412,67,5,-0.715320,0.400869,0.057493,-1.060000,5.24
2026-03-16 10:02:46.412,67,6,-0.771635,0.432428,0.035401,-1.060000,9.76
2026-03-16 10:02:46.412,67,7,-0.826767,0.463324,0.037930,-1.060000,8.76
2026-03-16 10:02:46.412,67,8,-0.706027,0.414429,0.073880,-1.040000,5.76
2026-03-16 10:02:46.412,67,9,-0.762833,0.447773,0.035401,-1.040000,11.12
2026-03-16 10:02:46.412,67,10,-0.817336,0.479766,0.037930,-1.040000,10.12
2026-03-16 10:02:46.412,67,11,-0.697598,0.428466,0.073880,-1.020000,6.12
2026-03-16 10:02:46.412,67,12,-0.753725,0.462939,0.035401,-1.020000,12.36
2026-03-16 10:02:46.412,67,13,-0.806245,0.495197,0.066341,-1.020000,11.00
2026-03-16 10:02:46.412,67,14,-0.688890,0.442331,0.073880,-1.000000,6.24
2026-03-16 10:02:46.412,67,15,-0.743088,0.477131,0.061917,-1.000000,13.00
2026-03-16 10:02:46.412,67,16,-0.796181,0.511222,0.066341,-1.000000,11.00
2026-03-16 10:02:46.412,67,17,-0.733397,0.491897,0.061917,-0.980000,12.76
2026-03-16 10:02:46.412,67,18,-0.785798,0.527042,0.066341,-0.980000,10.12
2026-03-16 10:02:46.412,67,19,-0.723413,0.506465,0.061917,-0.960000,11.64
2026-03-16 10:02:46.412,67,20,-0.084601,0.224762,0.079585,-0.360000,11.24
2026-03-16 10:02:46.412,67,21,-0.084601,0.224762,0.079585,-0.360000,5.64
2026-03-16 10:02:46.412,67,22,-0.016203,1.620264,0.536965,-0.010000,7.64
2026-03-16 10:02:46.412,67,23,1.401270,6.574335,2.227603,0.210000,14.24
2026-03-16 10:02:46.412,67,24,1.413736,6.632823,2.247421,0.210000,8.36
2026-03-16 10:02:46.412,67,25,1.453840,6.501401,2.207707,0.220000,12.00
2026-03-16 10:02:46.467,68,0,-0.143807,1.433268,0.477355,-0.100000,7.12
2026-03-16 10:02:46.467,68,1,-0.060004,1.499304,0.497251,-0.040000,11.52
2026-03-16 10:02:46.467,68,2,-0.015605,1.560465,0.517147,-0.010000,19.88
2026-03-16 10:02:46.467,68,3,0.000000,1.560543,0.517147,0.000000,20.12
2026-03-16 10:02:46.467,68,4,0.015605,1.560465,0.517147,0.010000,18.52
2026-03-16 10:02:46.467,68,5,0.016203,1.620264,0.536965,0.010000,13.00
2026-03-16 10:02:46.467,68,6,0.031209,1.560231,0.517147,0.020000,15.76
2026-03-16 10:02:46.467,68,7,0.046809,1.559841,0.517147,0.030000,12.88
2026-03-16 10:02:46.520,69,0,-0.077821,0.227198,0.079585,-0.330000,5.76
2026-03-16 10:02:46.520,69,1,0.015605,1.560465,0.517147,0.010000,10.76
2026-03-16 10:02:46.520,69,2,0.032405,1.620021,0.536965,0.020000,10.24
2026-03-16 10:02:46.520,69,3,1.388754,6.515614,2.207707,0.210000,5.12
2026-03-16 10:02:46.520,69,4,1.401270,6.574335,2.227603,0.210000,5.12
2026-03-16 10:02:46.575,70,0,-0.082349,0.225597,0.079585,-0.350000,12.76
2026-03-16 10:02:46.575,70,1,-0.082349,0.225597,0.079585,-0.350000,6.24
2026-03-16 10:02:46.575,70,2,-0.304894,5.075461,1.298314,-0.060000,5.12
2026-03-16 10:02:46.575,70,3,-0.031209,1.560231,0.517147,-0.020000,10.24
2026-03-16 10:02:46.575,70,4,-0.015605,1.560465,0.517147,-0.010000,13.64
2026-03-16 10:02:46.575,70,5,-0.016203,1.620264,0.536965,-0.010000,12.88
2026-03-16 10:02:46.575,70,6,0.000000,1.560543,0.517147,0.000000,17.24
2026-03-16 10:02:46.575,70,7,0.000000,1.620345,0.536965,0.000000,14.00
2026-03-16 10:02:46.575,70,8,0.000000,1.680384,0.556861,0.000000,5.12
2026-03-16 10:02:46.575,70,9,0.015605,1.560465,0.517147,0.010000,19.64
2026-03-16 10:02:46.575,70,10,0.016203,1.620264,0.536965,0.010000,13.76
2026-03-16 10:02:46.575,70,11,0.031209,1.560231,0.517147,0.020000,19.00
2026-03-16 10:02:46.575,70,12,0.032405,1.620021,0.536965,0.020000,12.12
2026-03-16 10:02:46.575,70,13,0.045941,1.530919,0.391084,0.030000,7.12
2026-03-16 10:02:46.575,70,14,0.046809,1.559841,0.517147,0.030000,15.76
2026-03-16 10:02:46.575,70,15,0.062405,1.559295,0.517147,0.040000,12.00
